Position,Const,Created,Modified,Description,Title,Original Title,URL,Title Type,IMDb Rating,Runtime (mins),Year,Genres,Num Votes,Release Date,Directors,Your Rating,Date Rated
1,tt0093058,2019-05-31,2019-07-20,,"Full Metal Jacket","Full Metal Jacket",https://www.imdb.com/title/tt0093058/,Movie,8.2,116,1987,"Drama, War",850965,1987-07-10,"Stanley Kubrick",,
2,tt0111161,2018-12-28,2018-12-28,,"The Shawshank Redemption","The Shawshank Redemption",https://www.imdb.com/title/tt0111161/,Movie,9.3,142,1994,"Drama",3186824,1994-10-14,"Frank Darabont",,
3,tt0101410,2018-12-25,2018-12-25,,"Barton Fink","Barton Fink",https://www.imdb.com/title/tt0101410/,Movie,7.6,116,1991,"Comedy, Drama, Thriller",135604,1991-08-21,"Joel Coen, Ethan Coen",,
4,tt0116282,2019-02-21,2019-02-21,,"Fargo","Fargo",https://www.imdb.com/title/tt0116282/,Movie,8.1,98,1996,"Crime, Drama, Thriller",787565,1996-04-05,"Joel Coen, Ethan Coen",,
5,tt0243133,2018-12-25,2018-12-25,,"The Man Who Wasn't There","The Man Who Wasn't There",https://www.imdb.com/title/tt0243133/,Movie,7.5,116,2001,"Crime, Drama",120453,2001-11-16,"Joel Coen, Ethan Coen",,
6,tt1019452,2018-12-25,2018-12-25,,"A Serious Man","A Serious Man",https://www.imdb.com/title/tt1019452/,Movie,7.0,106,2009,"Comedy, Drama",158471,2009-11-06,"Ethan Coen, Joel Coen",,
7,tt0118715,2018-12-25,2018-12-25,,"The Big Lebowski","The Big Lebowski",https://www.imdb.com/title/tt0118715/,Movie,8.1,117,1998,"Comedy, Crime",916802,1998-03-06,"Joel Coen, Ethan Coen",,
8,tt0887883,2018-12-25,2018-12-25,,"Burn After Reading","Burn After Reading",https://www.imdb.com/title/tt0887883/,Movie,7.0,96,2008,"Comedy, Crime, Drama, Thriller",376129,2008-09-12,"Ethan Coen, Joel Coen",,
9,tt0780536,2018-12-25,2018-12-25,,"In Bruges","In Bruges",https://www.imdb.com/title/tt0780536/,Movie,7.9,107,2008,"Comedy, Crime, Drama, Thriller",493478,2008-02-29,"Martin McDonagh",,
10,tt1540133,2018-12-25,2018-12-25,,"The Guard","The Guard",https://www.imdb.com/title/tt1540133/,Movie,7.3,96,2011,"Comedy, Crime, Thriller",101529,2011-07-07,"John Michael McDonagh",,
11,tt1450321,2018-12-25,2018-12-25,,"Filth","Filth",https://www.imdb.com/title/tt1450321/,Movie,7.0,97,2013,"Action, Comedy, Crime, Drama",122276,2014-04-24,"Jon S. Baird",,
12,tt0117951,2018-12-25,2018-12-25,,"Trainspotting","Trainspotting",https://www.imdb.com/title/tt0117951/,Movie,8.1,93,1996,"Crime, Drama",768967,1996-08-09,"Danny Boyle",,
13,tt0120669,2018-12-25,2018-12-25,,"Fear and Loathing in Las Vegas","Fear and Loathing in Las Vegas",https://www.imdb.com/title/tt0120669/,Movie,7.4,118,1998,"Adventure, Comedy, Drama",319347,1998-05-22,"Terry Gilliam",,
14,tt0221027,2018-12-25,2018-12-25,,"Blow","Blow",https://www.imdb.com/title/tt0221027/,Movie,7.5,124,2001,"Biography, Crime, Drama",287402,2001-04-06,"Ted Demme",,
15,tt0081748,2018-12-25,2018-12-25,,"Where the Buffalo Roam","Where the Buffalo Roam",https://www.imdb.com/title/tt0081748/,Movie,6.5,99,1980,"Biography, Comedy",13323,1980-04-25,"Art Linson",,
16,tt0477348,2018-12-25,2018-12-25,,"No Country for Old Men","No Country for Old Men",https://www.imdb.com/title/tt0477348/,Movie,8.2,122,2007,"Crime, Drama, Thriller",1189097,2007-11-21,"Ethan Coen, Joel Coen",,
17,tt2802850,2018-12-25,2018-12-25,,"Fargo","Fargo",https://www.imdb.com/title/tt2802850/,TV Series,8.8,60,2014,"Crime, Drama, Thriller",468734,2014-04-15,,,
18,tt0110912,2018-12-25,2018-12-25,,"Pulp Fiction","Pulp Fiction",https://www.imdb.com/title/tt0110912/,Movie,8.8,154,1994,"Crime, Drama",2434362,1994-10-14,"Quentin Tarantino",,
19,tt0208092,2018-12-25,2018-12-25,,"Snatch","Snatch",https://www.imdb.com/title/tt0208092/,Movie,8.2,102,2000,"Comedy, Crime",976832,2001-01-19,"Guy Ritchie",,
20,tt1032755,2018-12-25,2018-12-25,,"RocknRolla","RocknRolla",https://www.imdb.com/title/tt1032755/,Movie,7.2,114,2008,"Action, Crime, Thriller",275256,2008-10-31,"Guy Ritchie",,
21,tt0120735,2018-12-25,2018-12-25,,"Lock, Stock and Two Smoking Barrels","Lock, Stock and Two Smoking Barrels",https://www.imdb.com/title/tt0120735/,Movie,8.1,107,1998,"Comedy, Crime",650140,1998-08-28,"Guy Ritchie",,
22,tt0120689,2018-12-25,2018-12-25,,"The Green Mile","The Green Mile",https://www.imdb.com/title/tt0120689/,Movie,8.6,189,1999,"Crime, Drama, Fantasy, Mystery",1560784,1999-12-10,"Frank Darabont",,
23,tt0109830,2018-12-25,2018-12-25,,"Forrest Gump","Forrest Gump",https://www.imdb.com/title/tt0109830/,Movie,8.8,142,1994,"Drama, Romance",2495397,1994-07-06,"Robert Zemeckis",,
24,tt1375666,2018-12-25,2018-12-25,,"Inception","Inception",https://www.imdb.com/title/tt1375666/,Movie,8.8,148,2010,"Action, Adventure, Sci-Fi, Thriller",2815429,2010-07-16,"Christopher Nolan",,
25,tt0110413,2018-12-25,2018-12-25,,"Léon: The Professional","Léon",https://www.imdb.com/title/tt0110413/,Movie,8.5,110,1994,"Action, Crime, Drama, Thriller",1350611,1994-11-18,"Luc Besson",,
26,tt0137523,2018-12-25,2018-12-25,,"Fight Club","Fight Club",https://www.imdb.com/title/tt0137523/,Movie,8.8,139,1999,"Crime, Drama, Thriller",2606551,1999-10-15,"David Fincher",,
27,tt0118799,2018-12-25,2018-12-25,,"Life Is Beautiful","La vita è bella",https://www.imdb.com/title/tt0118799/,Movie,8.6,116,1997,"Comedy, Drama, Romance, War",812578,1997-12-20,"Roberto Benigni",,
28,tt0088763,2018-12-25,2018-12-25,,"Back to the Future","Back to the Future",https://www.imdb.com/title/tt0088763/,Movie,8.5,116,1985,"Adventure, Comedy, Sci-Fi",1452464,1985-07-03,"Robert Zemeckis",,
29,tt0120586,2018-12-25,2018-12-25,,"American History X","American History X",https://www.imdb.com/title/tt0120586/,Movie,8.5,119,1998,"Crime, Drama",1272772,1998-11-20,"Tony Kaye",,
30,tt1130884,2018-12-25,2018-12-25,,"Shutter Island","Shutter Island",https://www.imdb.com/title/tt1130884/,Movie,8.2,138,2010,"Drama, Mystery, Thriller",1646476,2010-02-19,"Martin Scorsese",,
31,tt0073486,2018-12-25,2018-12-25,,"One Flew Over the Cuckoo's Nest","One Flew Over the Cuckoo's Nest",https://www.imdb.com/title/tt0073486/,Movie,8.6,133,1975,"Drama",1156921,1975-11-21,"Miloš Forman",,
32,tt0060390,2019-02-16,2019-02-16,,"Fahrenheit 451","Fahrenheit 451",https://www.imdb.com/title/tt0060390/,Movie,7.2,112,1966,"Drama, Sci-Fi",47535,1966-11-14,"François Truffaut",,
33,tt0050083,2018-12-25,2018-12-25,,"12 Angry Men","12 Angry Men",https://www.imdb.com/title/tt0050083/,Movie,9.0,96,1957,"Crime, Drama",983759,1957-04-10,"Sidney Lumet",,
34,tt0407887,2018-12-25,2018-12-25,,"The Departed","The Departed",https://www.imdb.com/title/tt0407887/,Movie,8.5,151,2006,"Crime, Drama, Thriller",1553459,2006-10-06,"Martin Scorsese",,
35,tt0102926,2018-12-25,2018-12-25,,"The Silence of the Lambs","The Silence of the Lambs",https://www.imdb.com/title/tt0102926/,Movie,8.6,118,1991,"Crime, Drama, Horror, Thriller",1722413,1991-02-14,"Jonathan Demme",,
36,tt0114369,2018-12-25,2018-12-25,,"Seven","Se7en",https://www.imdb.com/title/tt0114369/,Movie,8.6,127,1995,"Crime, Drama, Mystery, Thriller",2019805,1995-09-22,"David Fincher",,
37,tt1853728,2018-12-25,2018-12-25,,"Django Unchained","Django Unchained",https://www.imdb.com/title/tt1853728/,Movie,8.5,165,2012,"Drama, Western",1881852,2012-12-25,"Quentin Tarantino",,
38,tt0120382,2018-12-25,2018-12-25,,"The Truman Show","The Truman Show",https://www.imdb.com/title/tt0120382/,Movie,8.2,103,1998,"Comedy, Drama",1372220,1998-06-05,"Peter Weir",,
39,tt0119174,2018-12-25,2018-12-25,,"The Game","The Game",https://www.imdb.com/title/tt0119174/,Movie,7.7,129,1997,"Drama, Mystery, Thriller",470716,1997-09-12,"David Fincher",,
40,tt0096126,2018-12-25,2018-12-25,,"Heart of a Dog","Sobachye serdtse",https://www.imdb.com/title/tt0096126/,TV Movie,8.5,136,1988,"Comedy, Drama, Sci-Fi",10397,1988-11-20,"Vladimir Bortko",,
41,tt1205489,2018-12-25,2018-12-25,,"Gran Torino","Gran Torino",https://www.imdb.com/title/tt1205489/,Movie,8.1,116,2008,"Drama",861821,2009-01-09,"Clint Eastwood",,
42,tt0167404,2018-12-25,2018-12-25,,"The Sixth Sense","The Sixth Sense",https://www.imdb.com/title/tt0167404/,Movie,8.2,107,1999,"Drama, Mystery, Thriller",1144279,1999-08-06,"M. Night Shyamalan",,
43,tt0120815,2018-12-25,2018-12-25,,"Saving Private Ryan","Saving Private Ryan",https://www.imdb.com/title/tt0120815/,Movie,8.6,169,1998,"Drama, War",1638178,1998-07-24,"Steven Spielberg",,
44,tt0096874,2018-12-25,2018-12-25,,"Back to the Future Part II","Back to the Future Part II",https://www.imdb.com/title/tt0096874/,Movie,7.8,108,1989,"Adventure, Comedy, Sci-Fi",621425,1989-11-22,"Robert Zemeckis",,
45,tt0325980,2018-12-25,2018-12-25,,"Pirates of the Caribbean: The Curse of the Black Pearl","Pirates of the Caribbean: The Curse of the Black Pearl",https://www.imdb.com/title/tt0325980/,Movie,8.1,143,2003,"Action, Adventure, Fantasy",1324681,2003-07-09,"Gore Verbinski",,
46,tt0268978,2018-12-25,2018-12-25,,"A Beautiful Mind","A Beautiful Mind",https://www.imdb.com/title/tt0268978/,Movie,8.2,135,2001,"Biography, Drama, Mystery",1053169,2002-01-04,"Ron Howard",,
47,tt0499549,2018-12-25,2018-12-25,,"Avatar","Avatar",https://www.imdb.com/title/tt0499549/,Movie,7.9,162,2009,"Action, Adventure, Fantasy, Sci-Fi",1497167,2009-12-18,"James Cameron",,
48,tt0988045,2018-12-25,2018-12-25,,"Sherlock Holmes","Sherlock Holmes",https://www.imdb.com/title/tt0988045/,Movie,7.5,128,2009,"Action, Adventure, Mystery",706567,2009-12-25,"Guy Ritchie",,
49,tt0107048,2018-12-25,2018-12-25,,"Groundhog Day","Groundhog Day",https://www.imdb.com/title/tt0107048/,Movie,8.0,101,1993,"Comedy, Drama, Fantasy, Romance",737076,1993-02-12,"Harold Ramis",,
50,tt0383574,2018-12-25,2018-12-25,,"Pirates of the Caribbean: Dead Man's Chest","Pirates of the Caribbean: Dead Man's Chest",https://www.imdb.com/title/tt0383574/,Movie,7.4,151,2006,"Action, Adventure, Fantasy",825831,2006-07-07,"Gore Verbinski",,
51,tt0361748,2018-12-25,2018-12-25,,"Inglourious Basterds","Inglourious Basterds",https://www.imdb.com/title/tt0361748/,Movie,8.4,153,2009,"Adventure, Drama, War",1782299,2009-08-21,"Quentin Tarantino",,
52,tt0165832,2018-12-25,2018-12-25,,"Interstate 60","Interstate 60: Episodes of the Road",https://www.imdb.com/title/tt0165832/,Movie,7.5,116,2002,"Adventure, Comedy, Drama, Fantasy",40887,2003-09-10,"Bob Gale",,
53,tt0401792,2018-12-25,2018-12-25,,"Sin City","Sin City",https://www.imdb.com/title/tt0401792/,Movie,8.0,124,2005,"Crime, Thriller",820567,2005-04-01,"Frank Miller, Quentin Tarantino, Robert Rodriguez",,
54,tt0118971,2018-12-25,2018-12-25,,"The Devil's Advocate","The Devil's Advocate",https://www.imdb.com/title/tt0118971/,Movie,7.5,144,1997,"Drama, Fantasy, Mystery, Thriller",444711,1997-10-17,"Taylor Hackford",,
55,tt0449088,2018-12-25,2018-12-25,,"Pirates of the Caribbean: At World's End","Pirates of the Caribbean: At World's End",https://www.imdb.com/title/tt0449088/,Movie,7.2,169,2007,"Action, Adventure, Fantasy",743729,2007-05-25,"Gore Verbinski",,
56,tt0240772,2018-12-25,2018-12-25,,"Ocean's Eleven","Ocean's Eleven",https://www.imdb.com/title/tt0240772/,Movie,7.7,116,2001,"Crime, Thriller",673471,2001-12-07,"Steven Soderbergh",,
57,tt1119646,2018-12-25,2018-12-25,,"The Hangover","The Hangover",https://www.imdb.com/title/tt1119646/,Movie,7.7,100,2009,"Comedy",929585,2009-06-05,"Todd Phillips",,
58,tt0118767,2018-12-25,2018-12-25,,"Brother","Brat",https://www.imdb.com/title/tt0118767/,Movie,7.8,99,1997,"Crime, Drama, Thriller",28595,1998-07-08,"Aleksey Balabanov",,
59,tt0099088,2018-12-25,2018-12-25,,"Back to the Future Part III","Back to the Future Part III",https://www.imdb.com/title/tt0099088/,Movie,7.5,118,1990,"Adventure, Comedy, Sci-Fi, Western",519950,1990-05-25,"Robert Zemeckis",,
60,tt0480249,2018-12-25,2018-12-25,,"I Am Legend","I Am Legend",https://www.imdb.com/title/tt0480249/,Movie,7.2,101,2007,"Drama, Horror, Sci-Fi, Thriller",877090,2007-12-14,"Francis Lawrence",,
61,tt0362227,2018-12-25,2018-12-25,,"The Terminal","The Terminal",https://www.imdb.com/title/tt0362227/,Movie,7.4,128,2004,"Comedy, Drama, Romance",535297,2004-06-18,"Steven Spielberg",,
62,tt1285016,2018-12-25,2018-12-25,,"The Social Network","The Social Network",https://www.imdb.com/title/tt1285016/,Movie,7.8,120,2010,"Biography, Drama",819383,2010-10-01,"David Fincher",8,2020-08-15
63,tt0075314,2018-12-25,2018-12-25,,"Taxi Driver","Taxi Driver",https://www.imdb.com/title/tt0075314/,Movie,8.2,114,1976,"Crime, Drama",1026038,1976-02-09,"Martin Scorsese",,
64,tt0106856,2018-12-25,2018-12-25,,"Falling Down","Falling Down",https://www.imdb.com/title/tt0106856/,Movie,7.5,113,1993,"Crime, Drama, Thriller",226371,1993-02-26,"Joel Schumacher",,
65,tt0110632,2018-12-25,2018-12-25,,"Natural Born Killers","Natural Born Killers",https://www.imdb.com/title/tt0110632/,Movie,7.2,119,1994,"Crime, Romance",267689,1994-08-26,"Oliver Stone",,
66,tt1640459,2018-12-25,2018-12-25,,"Hobo with a Shotgun","Hobo with a Shotgun",https://www.imdb.com/title/tt1640459/,Movie,6.1,86,2011,"Action, Adventure, Comedy, Crime, Horror, Thriller",50549,2011-04-01,"Jason Eisener",,
67,tt1077258,2018-12-25,2018-12-25,,"Planet Terror","Planet Terror",https://www.imdb.com/title/tt1077258/,Movie,7.0,105,2007,"Action, Comedy, Horror, Thriller",233257,2007-04-06,"Robert Rodriguez",,
68,tt0462322,2018-12-25,2018-12-25,,"Grindhouse","Grindhouse",https://www.imdb.com/title/tt0462322/,Movie,7.5,191,2007,"Horror, Thriller",196949,2007-04-06,"Robert Rodriguez, Eli Roth, Quentin Tarantino, Edgar Wright, Rob Zombie",,
69,tt0985694,2018-12-25,2018-12-25,,"Machete","Machete",https://www.imdb.com/title/tt0985694/,Movie,6.6,105,2010,"Action, Crime, Thriller",209668,2010-09-03,"Ethan Maniquis, Robert Rodriguez",,
70,tt0112851,2018-12-25,2018-12-25,,"Desperado","Desperado",https://www.imdb.com/title/tt0112851/,Movie,7.1,104,1995,"Action, Crime, Drama, Thriller, Western",208366,1995-08-25,"Robert Rodriguez",,
71,tt0266697,2018-12-25,2018-12-25,,"Kill Bill: Vol. 1","Kill Bill: Vol. 1",https://www.imdb.com/title/tt0266697/,Movie,8.2,111,2003,"Action, Crime, Thriller",1307086,2003-10-10,"Quentin Tarantino",,
72,tt0378194,2018-12-25,2018-12-25,,"Kill Bill: Vol. 2","Kill Bill: Vol. 2",https://www.imdb.com/title/tt0378194/,Movie,8.0,137,2004,"Action, Crime, Thriller",870216,2004-04-16,"Quentin Tarantino",,
73,tt0364569,2018-12-25,2018-12-25,,"Oldboy","Oldeuboi",https://www.imdb.com/title/tt0364569/,Movie,8.3,120,2003,"Action, Drama, Mystery, Thriller",718364,2003-11-21,"Park Chan-wook",,
74,tt0285823,2018-12-25,2018-12-25,,"Once Upon a Time in Mexico","Once Upon a Time in Mexico",https://www.imdb.com/title/tt0285823/,Movie,6.3,102,2003,"Action, Crime, Thriller",176472,2003-09-12,"Robert Rodriguez",,
75,tt0116367,2018-12-25,2018-12-25,,"From Dusk Till Dawn","From Dusk Till Dawn",https://www.imdb.com/title/tt0116367/,Movie,7.2,108,1996,"Action, Crime, Horror",370157,1996-01-19,"Robert Rodriguez",,
76,tt0113101,2018-12-25,2018-12-25,,"Four Rooms","Four Rooms",https://www.imdb.com/title/tt0113101/,Movie,6.7,98,1995,"Comedy",116942,1995-12-25,"Allison Anders, Alexandre Rockwell, Robert Rodriguez, Quentin Tarantino",,
77,tt0104815,2018-12-25,2018-12-25,,"El Mariachi","El mariachi",https://www.imdb.com/title/tt0104815/,Movie,6.8,81,1992,"Action, Crime, Thriller",74755,1993-02-26,"Robert Rodriguez",,
78,tt0105236,2018-12-25,2018-12-25,,"Reservoir Dogs","Reservoir Dogs",https://www.imdb.com/title/tt0105236/,Movie,8.3,99,1992,"Crime, Thriller",1170466,1992-09-02,"Quentin Tarantino",,
79,tt0906665,2018-12-25,2018-12-25,,"Sukiyaki Western Django","Sukiyaki uesutan Jango",https://www.imdb.com/title/tt0906665/,Movie,6.1,121,2007,"Action, Western",16314,2007-09-15,"Takashi Miike",,
80,tt0112854,2018-12-25,2018-12-25,,"Destiny Turns on the Radio","Destiny Turns on the Radio",https://www.imdb.com/title/tt0112854/,Movie,4.6,102,1995,"Crime, Comedy, Fantasy",2676,1995-04-28,"Jack Baran",,
81,tt0111237,2018-12-25,2018-12-25,,"Somebody to Love","Somebody to Love",https://www.imdb.com/title/tt0111237/,Movie,5.4,102,1994,"Comedy, Drama",851,1996-09-27,"Alexandre Rockwell",,
82,tt1028528,2018-12-25,2018-12-25,,"Death Proof","Death Proof",https://www.imdb.com/title/tt1028528/,Movie,7.0,127,2007,"Drama, Thriller",333880,2007-05-31,"Quentin Tarantino",,
83,tt0119396,2018-12-25,2018-12-25,,"Jackie Brown","Jackie Brown",https://www.imdb.com/title/tt0119396/,Movie,7.5,154,1997,"Crime, Drama, Thriller",404166,1997-12-25,"Quentin Tarantino",,
84,tt0115994,2018-12-25,2018-12-25,,"Curdled","Curdled",https://www.imdb.com/title/tt0115994/,Movie,5.9,88,1996,"Comedy, Crime, Thriller",5893,1996-09-27,"Reb Braddock",,
85,tt0108399,2018-12-25,2018-12-25,,"True Romance","True Romance",https://www.imdb.com/title/tt0108399/,Movie,7.9,119,1993,"Crime, Drama, Romance, Thriller",260919,1993-09-10,"Tony Scott",,
86,tt0062759,2018-12-25,2018-12-25,,"The Diamond Arm","Brilliantovaya ruka",https://www.imdb.com/title/tt0062759/,Movie,8.2,94,1969,"Adventure, Comedy, Crime",17932,1998-11,"Leonid Gaidai",,
87,tt1515091,2018-12-25,2018-12-25,,"Sherlock Holmes: A Game of Shadows","Sherlock Holmes: A Game of Shadows",https://www.imdb.com/title/tt1515091/,Movie,7.4,129,2011,"Action, Adventure, Mystery",502222,2011-12-16,"Guy Ritchie",,
88,tt0068519,2018-12-25,2018-12-25,,"Gentlemen of Fortune","Dzhentlmeny udachi",https://www.imdb.com/title/tt0068519/,Movie,8.3,88,1971,"Comedy, Crime, Drama, Mystery",14211,1971-12-13,"Aleksandr Seryy",,
89,tt0238883,2018-12-25,2018-12-25,,"Brat 2","Brat 2",https://www.imdb.com/title/tt0238883/,Movie,7.6,122,2000,"Action, Crime, Drama, Thriller",20222,2000-05-11,"Aleksey Balabanov",,
90,tt0209144,2018-12-25,2018-12-25,,"Memento","Memento",https://www.imdb.com/title/tt0209144/,Movie,8.4,113,2000,"Drama, Mystery, Thriller",1434712,2001-05-25,"Christopher Nolan",,
91,tt0307987,2018-12-25,2018-12-25,,"Bad Santa","Bad Santa",https://www.imdb.com/title/tt0307987/,Movie,7.0,92,2003,"Comedy, Crime, Drama",167702,2003-11-26,"Terry Zwigoff",,
92,tt1190080,2018-12-25,2018-12-25,,"2012","2012",https://www.imdb.com/title/tt1190080/,Movie,5.9,158,2009,"Action, Adventure, Sci-Fi",421930,2009-11-13,"Roland Emmerich",,
93,tt0079902,2018-12-25,2018-12-25,,"Sherlock Holmes and Doctor Watson","Sherlok Kholms i doktor Vatson",https://www.imdb.com/title/tt0079902/,TV Mini Series,8.5,67,1980,"Crime, Mystery",4628,1980-03-22,,,
94,tt8127644,2018-12-25,2018-12-25,,"The Adventures of Sherlock Holmes and Dr. Watson","Priklyucheniya Sherloka Kholmsa i doktora Vatsona",https://www.imdb.com/title/tt8127644/,TV Mini Series,8.5,60,1980,"Crime, Drama, Mystery",1740,1980-09,,,
95,tt0091942,2018-12-25,2018-12-25,,"Adventures of Sherlock Holmes and Dr. Watson: The Twentieth Century Approaches","Priklyucheniya Sherloka Kholmsa i doktora Vatsona: Dvadtsatyy vek nachinaetsya",https://www.imdb.com/title/tt0091942/,TV Mini Series,7.9,75,1987,"Adventure, Crime, Mystery, Thriller",3153,1987-04-05,,,
96,tt0086333,2018-12-25,2018-12-25,,"The Adventures of Sherlock Holmes and Dr. Watson: The Treasures of Agra","Priklyucheniya Sherloka Kholmsa i doktora Vatsona: Sokrovishcha Agry",https://www.imdb.com/title/tt0086333/,TV Mini Series,8.2,76,1983,"Crime, Mystery, Romance",3469,1983-06-25,,,
97,tt0083100,2018-12-25,2018-12-25,,"The Adventures of Sherlock Holmes and Dr. Watson: The Hound of the Baskervilles","Priklyucheniya Sherloka Kholmsa i doktora Vatsona: Sobaka Baskerviley",https://www.imdb.com/title/tt0083100/,TV Mini Series,8.5,77,1981,"Adventure, Crime, Mystery",6955,1981-07-25,,,
98,tt0134614,2018-12-25,2018-12-25,,"The Girls","Devchata",https://www.imdb.com/title/tt0134614/,Movie,7.8,98,1962,"Comedy, Romance",5149,1962-03-07,"Yuriy Chulyukin",,
99,tt0112641,2018-12-25,2018-12-25,,"Casino","Casino",https://www.imdb.com/title/tt0112641/,Movie,8.2,178,1995,"Crime, Drama",619258,1995-11-22,"Martin Scorsese",,
100,tt0099785,2018-12-25,2018-12-25,,"Home Alone","Home Alone",https://www.imdb.com/title/tt0099785/,Movie,7.8,103,1990,"Comedy, Family",744255,1990-11-16,"Chris Columbus",,
101,tt0104431,2018-12-25,2018-12-25,,"Home Alone 2: Lost in New York","Home Alone 2: Lost in New York",https://www.imdb.com/title/tt0104431/,Movie,6.9,120,1992,"Adventure, Comedy, Crime, Family",455847,1992-11-20,"Chris Columbus",,
102,tt0070735,2018-12-25,2018-12-25,,"The Sting","The Sting",https://www.imdb.com/title/tt0070735/,Movie,8.2,129,1973,"Comedy, Crime, Drama",301299,1973-12-25,"George Roy Hill",,
103,tt0317248,2018-12-25,2018-12-25,,"City of God","Cidade de Deus",https://www.imdb.com/title/tt0317248/,Movie,8.6,130,2002,"Crime, Drama",870613,2004-02-13,"Fernando Meirelles, Kátia Lund",,
104,tt0099685,2018-12-25,2018-12-25,,"GoodFellas","GoodFellas",https://www.imdb.com/title/tt0099685/,Movie,8.7,145,1990,"Biography, Crime, Drama",1391009,1990-09-21,"Martin Scorsese",,
105,tt0054215,2018-12-25,2018-12-25,,"Psycho","Psycho",https://www.imdb.com/title/tt0054215/,Movie,8.5,109,1960,"Drama, Horror, Mystery, Thriller",785036,1960-09-08,"Alfred Hitchcock",,
106,tt0047396,2018-12-25,2018-12-25,,"Rear Window","Rear Window",https://www.imdb.com/title/tt0047396/,Movie,8.4,112,1954,"Drama, Mystery, Thriller",569190,1954-09-01,"Alfred Hitchcock",,
107,tt0044079,2018-12-25,2018-12-25,,"Strangers on a Train","Strangers on a Train",https://www.imdb.com/title/tt0044079/,Movie,7.9,101,1951,"Crime, Drama, Film-Noir, Thriller",149113,1951-06-30,"Alfred Hitchcock",,
108,tt0040746,2018-12-25,2018-12-25,,"Rope","Rope",https://www.imdb.com/title/tt0040746/,Movie,7.9,80,1948,"Crime, Drama, Mystery, Thriller",165077,1948-09-25,"Alfred Hitchcock",,
109,tt0081505,2018-12-25,2018-12-25,,"The Shining","The Shining",https://www.imdb.com/title/tt0081505/,Movie,8.4,146,1980,"Drama, Horror",1224987,1980-06-13,"Stanley Kubrick",,
110,tt0066921,2018-12-25,2018-12-25,,"A Clockwork Orange","A Clockwork Orange",https://www.imdb.com/title/tt0066921/,Movie,8.2,136,1971,"Crime, Sci-Fi",936623,1972-02-02,"Stanley Kubrick",,
111,tt0062622,2018-12-25,2018-12-25,,"2001: A Space Odyssey","2001: A Space Odyssey",https://www.imdb.com/title/tt0062622/,Movie,8.3,149,1968,"Adventure, Sci-Fi",783462,1968-05-12,"Stanley Kubrick",,
112,tt0057012,2018-12-25,2018-12-25,,"Dr. Strangelove or: How I Learned to Stop Worrying and Love the Bomb","Dr. Strangelove or: How I Learned to Stop Worrying and Love the Bomb",https://www.imdb.com/title/tt0057012/,Movie,8.3,95,1964,"Comedy, War",551452,1964-01-29,"Stanley Kubrick",,
113,tt0050825,2018-12-25,2018-12-25,,"Paths of Glory","Paths of Glory",https://www.imdb.com/title/tt0050825/,Movie,8.4,88,1957,"Drama, War",238758,1957-12-25,"Stanley Kubrick",,
114,tt0049406,2018-12-25,2018-12-25,,"The Killing","The Killing",https://www.imdb.com/title/tt0049406/,Movie,7.9,84,1956,"Crime, Drama, Film-Noir, Thriller",105684,1956-06-06,"Stanley Kubrick",,
115,tt0048254,2018-12-25,2018-12-25,,"Killer's Kiss","Killer's Kiss",https://www.imdb.com/title/tt0048254/,Movie,6.5,67,1955,"Crime, Drama, Film-Noir, Thriller",28231,1955-10-01,"Stanley Kubrick",,
116,tt0281364,2018-12-25,2018-12-25,,"Wasabi","Wasabi",https://www.imdb.com/title/tt0281364/,Movie,6.6,94,2001,"Action, Comedy, Crime, Drama, Thriller",45763,2002-01-25,"Gérard Krawczyk",,
117,tt0152930,2018-12-25,2018-12-25,,"Taxi","Taxi",https://www.imdb.com/title/tt0152930/,Movie,7.0,89,1998,"Action, Comedy, Crime",96327,1998-11-20,"Gérard Pirès",,
118,tt0365686,2018-12-25,2018-12-25,,"Revolver","Revolver",https://www.imdb.com/title/tt0365686/,Movie,6.3,111,2005,"Action, Crime, Drama, Mystery, Thriller",108657,2005-09-22,"Guy Ritchie",,
119,tt0096219,2018-12-25,2018-12-25,,"Talk Radio","Talk Radio",https://www.imdb.com/title/tt0096219/,Movie,7.2,110,1988,"Drama, Thriller",15565,1989-01-13,"Oliver Stone",,
120,tt0091763,2018-12-25,2018-12-25,,"Platoon","Platoon",https://www.imdb.com/title/tt0091763/,Movie,8.1,120,1986,"Drama, War",472634,1986-12-19,"Oliver Stone",,
121,tt0088680,2018-12-25,2018-12-25,,"After Hours","After Hours",https://www.imdb.com/title/tt0088680/,Movie,7.6,97,1985,"Comedy, Crime, Drama, Thriller",98025,1985-10-11,"Martin Scorsese",,
122,tt0090863,2018-12-25,2018-12-25,,"The Color of Money","The Color of Money",https://www.imdb.com/title/tt0090863/,Movie,7.0,119,1986,"Drama, Sport",101340,1986-10-17,"Martin Scorsese",,
123,tt0072251,2018-12-25,2018-12-25,,"The Taking of Pelham One Two Three","The Taking of Pelham One Two Three",https://www.imdb.com/title/tt0072251/,Movie,7.6,104,1974,"Action, Crime, Thriller",41323,1974-10-02,"Joseph Sargent",,
124,tt0078788,2018-12-25,2018-12-25,,"Apocalypse Now","Apocalypse Now",https://www.imdb.com/title/tt0078788/,Movie,8.4,147,1979,"Drama, Mystery, War",770027,1979-08-15,"Francis Ford Coppola",,
125,tt0488085,2018-12-25,2018-12-25,,"Big Nothing","Big Nothing",https://www.imdb.com/title/tt0488085/,Movie,6.7,86,2006,"Comedy, Crime, Thriller",33058,2006-12-01,"Jean-Baptiste Andrea",,
126,tt0903747,2018-12-25,2018-12-25,,"Breaking Bad","Breaking Bad",https://www.imdb.com/title/tt0903747/,TV Series,9.5,48,2008,"Crime, Drama, Thriller",2612456,2008-01-20,,,
127,tt0063845,2018-12-25,2018-12-25,,"The Golden Calf","Zolotoy telyonok",https://www.imdb.com/title/tt0063845/,Movie,8.2,164,1968,"Comedy, Crime",3475,1968-07-08,"Mikhail Shvejtser",,
128,tt0190590,2018-12-25,2018-12-25,,"O Brother, Where Art Thou?","O Brother, Where Art Thou?",https://www.imdb.com/title/tt0190590/,Movie,7.7,107,2000,"Adventure, Comedy, Crime, Drama, Music",351646,2001-02-02,"Joel Coen, Ethan Coen",,
129,tt0979432,2018-12-25,2018-12-25,,"Boardwalk Empire","Boardwalk Empire",https://www.imdb.com/title/tt0979432/,TV Series,8.6,60,2010,"Crime, Drama",217914,2010-09-19,,,
130,tt3032476,2018-12-25,2018-12-25,,"Better Call Saul","Better Call Saul",https://www.imdb.com/title/tt3032476/,TV Series,9.0,45,2015,"Crime, Drama",833635,2015-02-08,,,
131,tt0427944,2018-12-25,2018-12-25,,"Thank You for Smoking","Thank You for Smoking",https://www.imdb.com/title/tt0427944/,Movie,7.5,92,2005,"Comedy, Drama",235713,2006-04-14,"Jason Reitman",,
132,tt0411475,2018-12-25,2018-12-25,,"Hell Ride","Hell Ride",https://www.imdb.com/title/tt0411475/,Movie,5.0,84,2008,"Action, Drama, Thriller",16910,2009-01-17,"Larry Bishop",,
133,tt0034583,2018-12-25,2018-12-25,,"Casablanca","Casablanca",https://www.imdb.com/title/tt0034583/,Movie,8.5,102,1942,"Drama, Romance, War",655573,1943-01-23,"Michael Curtiz",,
134,tt0056869,2018-12-25,2018-12-25,,"The Birds","The Birds",https://www.imdb.com/title/tt0056869/,Movie,7.6,119,1963,"Drama, Horror, Mystery, Romance",220074,1963-03-29,"Alfred Hitchcock",,
135,tt0349903,2018-12-25,2018-12-25,,"Ocean's Twelve","Ocean's Twelve",https://www.imdb.com/title/tt0349903/,Movie,6.5,125,2004,"Crime, Thriller",438566,2004-12-10,"Steven Soderbergh",,
136,tt0496806,2018-12-25,2018-12-25,,"Ocean's Thirteen","Ocean's Thirteen",https://www.imdb.com/title/tt0496806/,Movie,6.9,122,2007,"Crime, Thriller",387201,2007-06-08,"Steven Soderbergh",,
137,tt1670345,2018-12-25,2018-12-25,,"Now You See Me","Now You See Me",https://www.imdb.com/title/tt1670345/,Movie,7.2,115,2013,"Crime, Mystery, Thriller",770588,2013-05-31,"Louis Leterrier",,
138,tt0190138,2018-12-25,2018-12-25,,"The Whole Nine Yards","The Whole Nine Yards",https://www.imdb.com/title/tt0190138/,Movie,6.7,98,2000,"Comedy, Crime",136606,2000-02-18,"Jonathan Lynn",,
139,tt1037705,2018-12-25,2018-12-25,,"The Book of Eli","The Book of Eli",https://www.imdb.com/title/tt1037705/,Movie,6.8,118,2010,"Action, Adventure, Drama, Thriller",361005,2010-01-15,"Albert Hughes, Allen Hughes",,
140,tt0118607,2018-12-25,2018-12-25,,"Amistad","Amistad",https://www.imdb.com/title/tt0118607/,Movie,7.3,155,1997,"Biography, Drama, History",87738,1997-12-12,"Steven Spielberg",,
141,tt0360486,2018-12-25,2018-12-25,,"Constantine","Constantine",https://www.imdb.com/title/tt0360486/,Movie,7.0,121,2005,"Action, Fantasy, Horror, Mystery",407649,2005-02-18,"Francis Lawrence",,
142,tt0107290,2018-12-25,2018-12-25,,"Jurassic Park","Jurassic Park",https://www.imdb.com/title/tt0107290/,Movie,8.2,127,1993,"Action, Adventure, Sci-Fi, Thriller",1177187,1993-06-11,"Steven Spielberg",,
143,tt0095016,2018-12-25,2018-12-25,,"Die Hard","Die Hard",https://www.imdb.com/title/tt0095016/,Movie,8.2,132,1988,"Action, Thriller",1029957,1988-07-20,"John McTiernan",,
144,tt0113627,2018-12-25,2018-12-25,,"Leaving Las Vegas","Leaving Las Vegas",https://www.imdb.com/title/tt0113627/,Movie,7.5,111,1995,"Drama, Romance",145187,1996-02-09,"Mike Figgis",,
145,tt0109445,2018-12-25,2018-12-25,,"Clerks","Clerks",https://www.imdb.com/title/tt0109445/,Movie,7.7,92,1994,"Comedy",240468,1994-11-09,"Kevin Smith",,
146,tt0424345,2018-12-25,2018-12-25,,"Clerks II","Clerks II",https://www.imdb.com/title/tt0424345/,Movie,7.3,97,2006,"Comedy",144485,2006-07-21,"Kevin Smith",,
147,tt0092005,2018-12-25,2018-12-25,,"Stand by Me","Stand by Me",https://www.imdb.com/title/tt0092005/,Movie,8.1,89,1986,"Adventure, Drama",487848,1986-08-22,"Rob Reiner",,
148,tt0365748,2018-12-25,2018-12-25,,"Shaun of the Dead","Shaun of the Dead",https://www.imdb.com/title/tt0365748/,Movie,7.8,99,2004,"Comedy, Horror",638997,2004-09-24,"Edgar Wright",,
149,tt2042568,2018-12-25,2018-12-25,,"Inside Llewyn Davis","Inside Llewyn Davis",https://www.imdb.com/title/tt2042568/,Movie,7.4,104,2013,"Drama, Music",171979,2014-01-10,"Ethan Coen, Joel Coen",,
150,tt0825232,2018-12-25,2018-12-25,,"The Bucket List","The Bucket List",https://www.imdb.com/title/tt0825232/,Movie,7.3,97,2007,"Adventure, Comedy, Drama",272240,2008-01-11,"Rob Reiner",,
151,tt3659388,2018-12-25,2018-12-25,,"The Martian","The Martian",https://www.imdb.com/title/tt3659388/,Movie,8.0,144,2015,"Adventure, Drama, Sci-Fi",1012066,2015-10-02,"Ridley Scott",,
152,tt0212985,2018-12-25,2018-12-25,,"Hannibal","Hannibal",https://www.imdb.com/title/tt0212985/,Movie,6.8,131,2001,"Crime, Drama, Thriller",313702,2001-02-09,"Ridley Scott",,
153,tt0103074,2018-12-25,2018-12-25,,"Thelma & Louise","Thelma & Louise",https://www.imdb.com/title/tt0103074/,Movie,7.6,130,1991,"Adventure, Crime, Drama",193074,1991-05-24,"Ridley Scott",,
154,tt0289765,2018-12-25,2018-12-25,,"Red Dragon","Red Dragon",https://www.imdb.com/title/tt0289765/,Movie,7.2,124,2002,"Crime, Drama, Thriller",311586,2002-10-04,"Brett Ratner",,
155,tt0325258,2018-12-25,2018-12-25,,"Dickie Roberts: Former Child Star","Dickie Roberts: Former Child Star",https://www.imdb.com/title/tt0325258/,Movie,5.6,98,2003,"Comedy",16400,2003-09-05,"Sam Weisman",,
156,tt1724962,2018-12-25,2018-12-25,,"Beyond Outrage","Autoreiji: Biyondo",https://www.imdb.com/title/tt1724962/,Movie,6.7,110,2012,"Action, Crime, Drama",7786,2012-10-06,"Takeshi Kitano",,
157,tt1462667,2018-12-25,2018-12-25,,"Outrage","Autoreiji",https://www.imdb.com/title/tt1462667/,Movie,6.8,109,2010,"Action, Crime, Drama, Thriller",15621,2010-06-12,"Takeshi Kitano",,
158,tt1403865,2018-12-25,2018-12-25,,"True Grit","True Grit",https://www.imdb.com/title/tt1403865/,Movie,7.6,110,2010,"Drama, Western",376294,2010-12-22,"Ethan Coen, Joel Coen",,
159,tt0133093,2018-12-25,2018-12-25,,"The Matrix","The Matrix",https://www.imdb.com/title/tt0133093/,Movie,8.7,136,1999,"Action, Sci-Fi",2246511,1999-03-31,"Lana Wachowski, Lilly Wachowski",,
160,tt0234215,2018-12-25,2018-12-25,,"The Matrix Reloaded","The Matrix Reloaded",https://www.imdb.com/title/tt0234215/,Movie,7.2,138,2003,"Action, Sci-Fi",670222,2003-05-15,"Lana Wachowski, Lilly Wachowski",,
161,tt0242653,2018-12-25,2018-12-25,,"The Matrix Revolutions","The Matrix Revolutions",https://www.imdb.com/title/tt0242653/,Movie,6.7,129,2003,"Action, Sci-Fi",575034,2003-11-05,"Lana Wachowski, Lilly Wachowski",,
162,tt0109686,2018-12-25,2018-12-25,,"Dumb and Dumber","Dumb and Dumber",https://www.imdb.com/title/tt0109686/,Movie,7.3,107,1994,"Comedy",443912,1994-12-16,"Peter Farrelly, Bobby Farrelly",,
163,tt2096672,2018-12-25,2018-12-25,,"Dumb and Dumber To","Dumb and Dumber To",https://www.imdb.com/title/tt2096672/,Movie,5.6,109,2014,"Comedy",153672,2014-11-14,"Bobby Farrelly, Peter Farrelly",,
164,tt0790636,2018-12-25,2018-12-25,,"Dallas Buyers Club","Dallas Buyers Club",https://www.imdb.com/title/tt0790636/,Movie,7.9,117,2013,"Biography, Drama",548383,2013-11-22,"Jean-Marc Vallée",,
165,tt0093822,2018-12-25,2018-12-25,,"Raising Arizona","Raising Arizona",https://www.imdb.com/title/tt0093822/,Movie,7.3,94,1987,"Comedy, Crime",160785,1987-04-10,"Joel Coen, Ethan Coen",,
166,tt0076391,2018-12-25,2018-12-25,,"Mimino","Mimino",https://www.imdb.com/title/tt0076391/,Movie,8.0,95,1977,"Comedy, Drama",7771,1978-03-27,"Georgiy Daneliya",,
167,tt1568812,2018-12-25,2018-12-25,,"Diablo","Diablo",https://www.imdb.com/title/tt1568812/,Movie,6.7,85,2011,"Comedy, Crime",310,2012-02-16,"Nicanor Loreti",,
168,tt0183649,2018-12-25,2018-12-25,,"Phone Booth","Phone Booth",https://www.imdb.com/title/tt0183649/,Movie,7.1,81,2002,"Crime, Thriller",301785,2003-04-04,"Joel Schumacher",,
169,tt0308808,2018-12-25,2018-12-25,,"Revolution OS","Revolution OS",https://www.imdb.com/title/tt0308808/,Movie,7.2,85,2001,"Documentary, Comedy",2708,2002-02-15,"J.T.S. Moore",,
170,tt0168122,2018-12-25,2018-12-25,,"Pirates of Silicon Valley","Pirates of Silicon Valley",https://www.imdb.com/title/tt0168122/,TV Movie,7.2,95,1999,"Biography, Drama, History",26173,1999-06-20,"Martyn Burke",,
171,tt0053472,2018-12-25,2018-12-25,,"Breathless","À bout de souffle",https://www.imdb.com/title/tt0053472/,Movie,7.6,90,1960,"Crime, Drama",95427,1961-02-07,"Jean-Luc Godard",,
172,tt0048021,2018-12-25,2018-12-25,,"Rififi","Du rififi chez les hommes",https://www.imdb.com/title/tt0048021/,Movie,8.1,118,1955,"Crime, Drama, Thriller",39400,1956-06-05,"Jules Dassin",,
173,tt0107818,2018-12-25,2018-12-25,,"Philadelphia","Philadelphia",https://www.imdb.com/title/tt0107818/,Movie,7.7,125,1993,"Drama",273909,1994-01-14,"Jonathan Demme",,
174,tt0084787,2018-12-25,2018-12-25,,"The Thing","The Thing",https://www.imdb.com/title/tt0084787/,Movie,8.2,109,1982,"Horror, Mystery, Sci-Fi",526397,1982-06-25,"John Carpenter",,
175,tt0246578,2018-12-25,2018-12-25,,"Donnie Darko","Donnie Darko",https://www.imdb.com/title/tt0246578/,Movie,8.0,113,2001,"Drama, Mystery, Sci-Fi, Thriller",911759,2001-01-19,"Richard Kelly",,
176,tt0048545,2018-12-25,2018-12-25,,"Rebel Without a Cause","Rebel Without a Cause",https://www.imdb.com/title/tt0048545/,Movie,7.6,111,1955,"Drama",103249,1955-10-27,"Nicholas Ray",,
177,tt0309698,2018-12-25,2018-12-25,,"Identity","Identity",https://www.imdb.com/title/tt0309698/,Movie,7.3,90,2003,"Mystery, Thriller",292762,2003-04-25,"James Mangold",,
178,tt0151804,2018-12-25,2018-12-25,,"Office Space","Office Space",https://www.imdb.com/title/tt0151804/,Movie,7.6,89,1999,"Comedy",308598,1999-02-19,"Mike Judge",,
179,tt2395695,2018-12-25,2018-12-25,,"Cosmos: A Spacetime Odyssey","Cosmos: A Spacetime Odyssey",https://www.imdb.com/title/tt2395695/,TV Mini Series,9.2,45,2014,"Documentary, Family",140078,2014-03-09,,,
180,tt0298203,2018-12-25,2018-12-25,,"8 Mile","8 Mile",https://www.imdb.com/title/tt0298203/,Movie,7.2,110,2002,"Drama, Music",351522,2002-11-08,"Curtis Hanson",,
181,tt0284837,2018-12-25,2018-12-25,,"Ali G Indahouse","Ali G Indahouse",https://www.imdb.com/title/tt0284837/,Movie,6.2,87,2002,"Comedy",99647,2002-03-22,"Mark Mylod",,
182,tt1645170,2018-12-25,2018-12-25,,"The Dictator","The Dictator",https://www.imdb.com/title/tt1645170/,Movie,6.5,83,2012,"Comedy",367422,2012-05-16,"Larry Charles",,
183,tt0144117,2018-12-25,2018-12-25,,"The Boondock Saints","The Boondock Saints",https://www.imdb.com/title/tt0144117/,Movie,7.6,108,1999,"Action, Crime, Thriller",262388,2000-01-21,"Troy Duffy",,
184,tt0057869,2018-12-25,2018-12-25,"21.03.2016","Band of Outsiders","Bande à part",https://www.imdb.com/title/tt0057869/,Movie,7.6,95,1964,"Comedy, Crime, Drama",28918,1964-08-05,"Jean-Luc Godard",,
185,tt0443453,2018-12-25,2018-12-25,"25.03.2016","Borat","Borat: Cultural Learnings of America for Make Benefit Glorious Nation of Kazakhstan",https://www.imdb.com/title/tt0443453/,Movie,7.4,84,2006,"Comedy",476822,2006-11-03,"Larry Charles",,
186,tt0092618,2018-12-25,2018-12-25,"30.03.2016","Barfly","Barfly",https://www.imdb.com/title/tt0092618/,Movie,7.1,100,1987,"Comedy, Drama, Romance",23519,1987-10-16,"Barbet Schroeder",,
187,tt0116778,2018-12-25,2018-12-25,"02.04.2016","Kingpin","Kingpin",https://www.imdb.com/title/tt0116778/,Movie,6.9,114,1996,"Comedy, Sport",96642,1996-07-26,"Bobby Farrelly, Peter Farrelly",,
188,tt0054135,2018-12-25,2018-12-25,"07.04.2016","Ocean's Eleven","Ocean's Eleven",https://www.imdb.com/title/tt0054135/,Movie,6.5,127,1960,"Comedy, Crime, Music, Thriller",27327,1960-08-04,"Lewis Milestone",,
189,tt0163651,2018-12-25,2018-12-25,"08.04.2016","American Pie","American Pie",https://www.imdb.com/title/tt0163651/,Movie,7.0,95,1999,"Comedy",468379,1999-07-09,"Paul Weitz",,
190,tt0117802,2018-12-25,2018-12-25,"09.04.2016","Swingers","Swingers",https://www.imdb.com/title/tt0117802/,Movie,7.2,96,1996,"Comedy, Drama",92394,2025-10-01,"Doug Liman",,
191,tt0144084,2018-12-25,2018-12-25,"21.04.2016","American Psycho","American Psycho",https://www.imdb.com/title/tt0144084/,Movie,7.6,102,2000,"Crime, Drama, Horror",837482,2000-04-14,"Mary Harron",,
192,tt0119256,2018-12-25,2018-12-25,"13.05.2016","Hard Eight","Sydney",https://www.imdb.com/title/tt0119256/,Movie,7.1,101,1996,"Crime, Drama",60869,1997-02-28,"Paul Thomas Anderson",,
193,tt0359950,2018-12-25,2018-12-25,"14.05.2016","The Secret Life of Walter Mitty","The Secret Life of Walter Mitty",https://www.imdb.com/title/tt0359950/,Movie,7.3,114,2013,"Adventure, Comedy, Drama, Fantasy, Romance",371418,2013-12-25,"Ben Stiller",,
194,tt0088247,2018-12-25,2018-12-25,"15.05.2016","The Terminator","The Terminator",https://www.imdb.com/title/tt0088247/,Movie,8.1,107,1984,"Action, Adventure, Sci-Fi",1004532,1984-10-26,"James Cameron",,
195,tt1577052,2018-12-25,2018-12-25,"22.05.2016","Goats","Goats",https://www.imdb.com/title/tt1577052/,Movie,5.8,94,2012,"Comedy, Drama",5533,2012-08-10,"Christopher Neil",,
196,tt0914798,2018-12-25,2018-12-25,"27.05.2016","The Boy in the Striped Pajamas","The Boy in the Striped Pajamas",https://www.imdb.com/title/tt0914798/,Movie,7.7,94,2008,"Drama, War",274361,2008-11-26,"Mark Herman",,
197,tt0780504,2018-12-25,2018-12-25,"02.06.2016","Drive","Drive",https://www.imdb.com/title/tt0780504/,Movie,7.8,100,2011,"Action, Drama",762853,2011-09-16,"Nicolas Winding Refn",,
198,tt0200267,2018-12-25,2018-12-25,"03.06.2016","The Rifleman of the Voroshilov Regiment","Voroshilovskiy strelok",https://www.imdb.com/title/tt0200267/,Movie,7.4,95,1999,"Crime, Drama",5805,1999-04-19,"Stanislav Govorukhin",,
199,tt0069762,2018-12-25,2018-12-25,"05.06.2016","Badlands","Badlands",https://www.imdb.com/title/tt0069762/,Movie,7.7,94,1973,"Action, Crime, Drama",84382,1974-01-05,"Terrence Malick",,
200,tt1060277,2018-12-25,2018-12-25,"06.06.2016","Cloverfield","Cloverfield",https://www.imdb.com/title/tt1060277/,Movie,7.0,85,2008,"Action, Horror, Sci-Fi, Thriller",443991,2008-01-18,"Matt Reeves",,
201,tt1179933,2018-12-25,2018-12-25,"07.06.2016","10 Cloverfield Lane","10 Cloverfield Lane",https://www.imdb.com/title/tt1179933/,Movie,7.2,103,2016,"Drama, Horror, Sci-Fi, Thriller",384009,2016-03-11,"Dan Trachtenberg",,
202,tt0085470,2018-12-25,2018-12-25,"08.06.2016","Easy Money","Easy Money",https://www.imdb.com/title/tt0085470/,Movie,6.2,95,1983,"Comedy",11331,1983-08-19,"James Signorelli",,
203,tt0458481,2018-12-25,2018-12-25,"09.06.2016","Sin City: A Dame to Kill For","Sin City: A Dame to Kill For",https://www.imdb.com/title/tt0458481/,Movie,6.5,102,2014,"Animation, Action, Crime, Drama, Fantasy, Mystery, Thriller",178760,2014-08-22,"Frank Miller, Robert Rodriguez",,
204,tt0114814,2018-12-25,2018-12-25,"10.06.2016","The Usual Suspects","The Usual Suspects",https://www.imdb.com/title/tt0114814/,Movie,8.5,106,1995,"Crime, Drama, Mystery, Thriller",1238711,1995-08-16,"Bryan Singer",,
205,tt0103772,2018-12-25,2018-12-25,"10.06.2016","Basic Instinct","Basic Instinct",https://www.imdb.com/title/tt0103772/,Movie,7.1,127,1992,"Drama, Mystery, Romance, Thriller",243465,1992-03-20,"Paul Verhoeven",,
206,tt0044789,2018-12-25,2018-12-25,"11.06.2016","Kansas City Confidential","Kansas City Confidential",https://www.imdb.com/title/tt0044789/,Movie,7.3,99,1952,"Crime, Drama, Film-Noir, Thriller",9161,1952-11-11,"Phil Karlson",,
207,tt0027977,2018-12-25,2018-12-25,"17.06.2016","Modern Times","Modern Times",https://www.imdb.com/title/tt0027977/,Movie,8.5,87,1936,"Comedy, Drama, Romance",285207,1936-02-25,"Charles Chaplin",,
208,tt0425458,2018-12-25,2018-12-25,"18.06.2016","Six Shooter","Six Shooter",https://www.imdb.com/title/tt0425458/,Short,7.4,27,2004,"Short, Comedy, Drama",15537,2005-02,"Martin McDonagh",,
209,tt0046912,2018-12-25,2018-12-25,"19.06.2016","Dial M for Murder","Dial M for Murder",https://www.imdb.com/title/tt0046912/,Movie,8.1,105,1954,"Crime, Drama, Mystery, Thriller",204716,1954-05-29,"Alfred Hitchcock",,
210,tt0033870,2018-12-25,2018-12-25,"19.06.2016","The Maltese Falcon","The Maltese Falcon",https://www.imdb.com/title/tt0033870/,Movie,7.9,100,1941,"Crime, Drama, Film-Noir, Mystery, Romance",174254,1941-10-18,"John Huston",,
211,tt1189340,2018-12-25,2018-12-25,"12.07.2016","The Lincoln Lawyer","The Lincoln Lawyer",https://www.imdb.com/title/tt1189340/,Movie,7.3,118,2011,"Crime, Drama, Mystery, Thriller",270257,2011-03-18,"Brad Furman",,
212,tt0102536,2018-12-25,2018-12-25,"14.07.2016","Night on Earth","Night on Earth",https://www.imdb.com/title/tt0102536/,Movie,7.6,129,1991,"Comedy, Drama",71114,1991-12-12,"Jim Jarmusch",,
213,tt1454468,2018-12-25,2018-12-25,"30.07.2016","Gravity","Gravity",https://www.imdb.com/title/tt1454468/,Movie,7.7,91,2013,"Drama, Sci-Fi, Thriller",899937,2013-10-04,"Alfonso Cuarón",,
214,tt1462758,2018-12-25,2018-12-25,"30.07.2016","Buried","Buried",https://www.imdb.com/title/tt1462758/,Movie,7.0,95,2010,"Drama, Mystery, Thriller",176354,2010-10-15,"Rodrigo Cortés",,
215,tt0889583,2018-12-25,2018-12-25,"01.10.2016","Brüno","Brüno",https://www.imdb.com/title/tt0889583/,Movie,5.9,81,2009,"Comedy",158491,2009-07-10,"Larry Charles",,
216,tt0056801,2018-12-25,2018-12-25,"01.10.2016","8½","8½",https://www.imdb.com/title/tt0056801/,Movie,8.0,138,1963,"Drama",132804,1963-06-24,"Federico Fellini",,
217,tt0261392,2018-12-25,2018-12-25,"09.10.2016","Jay and Silent Bob Strike Back","Jay and Silent Bob Strike Back",https://www.imdb.com/title/tt0261392/,Movie,6.8,104,2001,"Comedy",166494,2001-08-24,"Kevin Smith",,
218,tt0387564,2018-12-25,2018-12-25,"23.10.2016","Saw","Saw",https://www.imdb.com/title/tt0387564/,Movie,7.6,103,2004,"Horror, Mystery, Thriller",509874,2004-10-29,"James Wan",,
219,tt0432348,2018-12-25,2018-12-25,"24.10.2016","Saw II","Saw II",https://www.imdb.com/title/tt0432348/,Movie,6.6,93,2005,"Horror, Mystery",296865,2005-10-28,"Darren Lynn Bousman",,
220,tt0113749,2018-12-25,2018-12-25,"25.10.2016","Mallrats","Mallrats",https://www.imdb.com/title/tt0113749/,Movie,7.0,94,1995,"Comedy, Romance",134313,1995-10-20,"Kevin Smith",,
221,tt0348333,2018-12-25,2018-12-25,"26.10.2016","Waiting...","Waiting...",https://www.imdb.com/title/tt0348333/,Movie,6.7,94,2005,"Comedy",112785,2005-10-07,"Rob McKittrick",,
222,tt0041859,2018-12-25,2018-12-25,"27.10.2016","The Set-Up","The Set-Up",https://www.imdb.com/title/tt0041859/,Movie,7.8,73,1949,"Crime, Film-Noir, Sport",11218,1949-04-02,"Robert Wise",,
223,tt1542344,2018-12-25,2018-12-25,"28.10.2016","127 Hours","127 Hours",https://www.imdb.com/title/tt1542344/,Movie,7.5,94,2010,"Biography, Drama",424453,2011-01-28,"Danny Boyle",,
224,tt0086250,2018-12-25,2018-12-25,"05.11.2016","Scarface","Scarface",https://www.imdb.com/title/tt0086250/,Movie,8.3,170,1983,"Crime, Drama",1015244,1983-12-09,"Brian De Palma",,
225,tt0159097,2018-12-25,2018-12-25,"06.11.2016","The Virgin Suicides","The Virgin Suicides",https://www.imdb.com/title/tt0159097/,Movie,7.2,97,1999,"Drama, Romance",186289,2000-05-19,"Sofia Coppola",,
226,tt0083907,2018-12-25,2018-12-25,"12.11.2016","The Evil Dead","The Evil Dead",https://www.imdb.com/title/tt0083907/,Movie,7.3,85,1981,"Horror",251290,1983-04-15,"Sam Raimi",,
227,tt0128445,2018-12-25,2018-12-25,"15.11.2016","Rushmore","Rushmore",https://www.imdb.com/title/tt0128445/,Movie,7.6,93,1998,"Comedy, Drama, Romance",208389,1999-02-19,"Wes Anderson",,
228,tt0051036,2018-12-25,2018-12-25,"18.11.2016","Sweet Smell of Success","Sweet Smell of Success",https://www.imdb.com/title/tt0051036/,Movie,8.0,96,1957,"Drama, Film-Noir",39998,1957-07-04,"Alexander Mackendrick",,
229,tt0100150,2018-12-25,2018-12-25,"25.11.2016","Miller's Crossing","Miller's Crossing",https://www.imdb.com/title/tt0100150/,Movie,7.7,115,1990,"Crime, Drama, Thriller",149344,1990-10-05,"Joel Coen, Ethan Coen",,
230,tt0082340,2018-12-25,2018-12-25,"25.11.2016","Escape from New York","Escape from New York",https://www.imdb.com/title/tt0082340/,Movie,7.1,99,1981,"Action, Adventure, Sci-Fi",172684,1981-07-10,"John Carpenter",,
231,tt0475290,2018-12-25,2018-12-25,"14.12.2016","Hail, Caesar!","Hail, Caesar!",https://www.imdb.com/title/tt0475290/,Movie,6.3,106,2016,"Comedy, Drama, Mystery",150093,2016-02-05,"Ethan Coen, Joel Coen",,
232,tt2278388,2018-12-25,2018-12-25,"14.12.2016","The Grand Budapest Hotel","The Grand Budapest Hotel",https://www.imdb.com/title/tt2278388/,Movie,8.1,99,2014,"Comedy, Drama",970713,2014-03-28,"Wes Anderson",,
233,tt0141842,2018-12-25,2018-12-25,"16.12.2016","The Sopranos","The Sopranos",https://www.imdb.com/title/tt0141842/,TV Series,9.2,55,1999,"Crime, Drama",578758,1999-01-10,,,
234,tt0114660,2018-12-25,2018-12-25,"17.12.2016","Things to Do in Denver When You're Dead","Things to Do in Denver When You're Dead",https://www.imdb.com/title/tt0114660/,Movie,6.7,115,1995,"Crime, Drama, Thriller",31816,1995-12-01,"Gary Fleder",,
235,tt0120241,2018-12-25,2018-12-25,"18.12.2016","Suicide Kings","Suicide Kings",https://www.imdb.com/title/tt0120241/,Movie,6.9,106,1997,"Comedy, Crime, Drama, Mystery, Thriller",30612,1998-09-25,"Peter O'Fallon",,
236,tt0082971,2018-12-25,2018-12-25,"21.12.2016","Raiders of the Lost Ark","Raiders of the Lost Ark",https://www.imdb.com/title/tt0082971/,Movie,8.4,115,1981,"Action, Adventure",1109999,1981-06-12,"Steven Spielberg",,
237,tt0101540,2018-12-25,2018-12-25,"23.12.2016","Cape Fear","Cape Fear",https://www.imdb.com/title/tt0101540/,Movie,7.3,128,1991,"Crime, Drama, Thriller",242974,1991-11-15,"Martin Scorsese",,
238,tt0086637,2018-12-25,2018-12-25,"24.12.2016","Zelig","Zelig",https://www.imdb.com/title/tt0086637/,Movie,7.6,79,1983,"Comedy",46020,1983-08-25,"Woody Allen",,
239,tt0357413,2018-12-25,2018-12-25,"25.12.2016","Anchorman: The Legend of Ron Burgundy","Anchorman: The Legend of Ron Burgundy",https://www.imdb.com/title/tt0357413/,Movie,7.1,94,2004,"Comedy",401454,2004-07-09,"Adam McKay",,
240,tt0373469,2018-12-25,2018-12-25,"30.12.2016","Kiss Kiss Bang Bang","Kiss Kiss Bang Bang",https://www.imdb.com/title/tt0373469/,Movie,7.4,103,2005,"Comedy, Crime, Mystery, Thriller",249594,2005-11-11,"Shane Black",,
241,tt0450898,2018-12-25,2018-12-25,"14.01.2017","Around the World in 80 Treasures","Around the World in 80 Treasures",https://www.imdb.com/title/tt0450898/,TV Mini Series,8.0,60,2005,"Documentary",288,2005-02-21,,,
242,tt0118859,2018-12-25,2018-12-25,"15.01.2017","City of Industry","City of Industry",https://www.imdb.com/title/tt0118859/,Movie,6.1,97,1997,"Crime, Drama, Thriller",7245,1997-03-14,"John Irvin",,
243,tt0106519,2018-12-25,2018-12-25,"16.01.2017","Carlito's Way","Carlito's Way",https://www.imdb.com/title/tt0106519/,Movie,7.9,144,1993,"Crime, Drama, Thriller",248021,1993-11-12,"Brian De Palma",,
244,tt1276104,2018-12-25,2018-12-25,"17.01.2017","Looper","Looper",https://www.imdb.com/title/tt1276104/,Movie,7.4,119,2012,"Action, Drama, Sci-Fi, Thriller",628365,2012-09-28,"Rian Johnson",,
245,tt1637688,2018-12-25,2018-12-25,"17.01.2017","In Time","In Time",https://www.imdb.com/title/tt1637688/,Movie,6.7,109,2011,"Action, Sci-Fi, Thriller",483687,2011-10-28,"Andrew Niccol",,
246,tt0114746,2018-12-25,2018-12-25,"17.01.2017","12 Monkeys","Twelve Monkeys",https://www.imdb.com/title/tt0114746/,Movie,8.0,129,1995,"Mystery, Sci-Fi, Thriller",680102,1996-01-05,"Terry Gilliam",,
247,tt0816711,2018-12-25,2018-12-25,"21.01.2017","World War Z","World War Z",https://www.imdb.com/title/tt0816711/,Movie,7.0,116,2013,"Action, Adventure, Horror, Sci-Fi",782940,2013-06-21,"Marc Forster",,
248,tt0266308,2018-12-25,2018-12-25,"30.01.2017","Battle Royale","Batoru rowaiaru",https://www.imdb.com/title/tt0266308/,Movie,7.5,114,2000,"Action, Drama, Thriller",207185,2000-12-16,"Kinji Fukasaku",,
249,tt0022286,2018-12-25,2018-12-25,"02.02.2017","The Public Enemy","The Public Enemy",https://www.imdb.com/title/tt0022286/,Movie,7.6,83,1931,"Crime, Drama",24765,1931-05-15,"William A. Wellman",,
250,tt0094226,2018-12-25,2018-12-25,"03.02.2017","The Untouchables","The Untouchables",https://www.imdb.com/title/tt0094226/,Movie,7.8,119,1987,"Crime, Drama, Thriller",354246,1987-06-03,"Brian De Palma",,
251,tt0056663,2018-12-25,2018-12-25,"07.02.2017","My Life to Live","Vivre sa vie: Film en douze tableaux",https://www.imdb.com/title/tt0056663/,Movie,7.8,85,1962,"Drama",37697,1962-09-20,"Jean-Luc Godard",,
252,tt0091474,2018-12-25,2018-12-25,"08.02.2017","Manhunter","Manhunter",https://www.imdb.com/title/tt0091474/,Movie,7.2,120,1986,"Crime, Mystery, Thriller",91537,1986-08-15,"Michael Mann",,
253,tt0056983,2018-12-25,2018-12-25,"09.02.2017","Dementia 13","Dementia 13",https://www.imdb.com/title/tt0056983/,Movie,5.7,75,1963,"Horror, Thriller",10188,1963-08-31,"Francis Ford Coppola",,
254,tt0120804,2018-12-25,2018-12-25,"10.02.2017","Resident Evil","Resident Evil",https://www.imdb.com/title/tt0120804/,Movie,6.6,100,2002,"Action, Horror, Sci-Fi",310692,2002-03-15,"Paul W.S. Anderson",,
255,tt0318627,2018-12-25,2018-12-25,"11.02.2017","Resident Evil: Apocalypse","Resident Evil: Apocalypse",https://www.imdb.com/title/tt0318627/,Movie,6.1,94,2004,"Action, Horror, Sci-Fi, Thriller",221432,2004-09-10,"Alexander Witt",,
256,tt0432021,2018-12-25,2018-12-25,"12.02.2017","Resident Evil: Extinction","Resident Evil: Extinction",https://www.imdb.com/title/tt0432021/,Movie,6.2,94,2007,"Action, Horror, Sci-Fi",215855,2007-09-21,"Russell Mulcahy",,
257,tt1220634,2018-12-25,2018-12-25,"13.02.2017","Resident Evil: Afterlife","Resident Evil: Afterlife",https://www.imdb.com/title/tt1220634/,Movie,5.8,96,2010,"Action, Horror, Sci-Fi",187806,2010-09-10,"Paul W.S. Anderson",,
258,tt1855325,2018-12-25,2018-12-25,"14.02.2017","Resident Evil: Retribution","Resident Evil: Retribution",https://www.imdb.com/title/tt1855325/,Movie,5.3,95,2012,"Action, Horror, Sci-Fi, Thriller",158928,2012-09-14,"Paul W.S. Anderson",,
259,tt1298650,2018-12-25,2018-12-25,"03.03.2017","Pirates of the Caribbean: On Stranger Tides","Pirates of the Caribbean: On Stranger Tides",https://www.imdb.com/title/tt1298650/,Movie,6.6,136,2011,"Action, Adventure, Fantasy",606975,2011-05-20,"Rob Marshall",,
260,tt0102005,2018-12-25,2018-12-25,"05.03.2017","Harley Davidson and the Marlboro Man","Harley Davidson and the Marlboro Man",https://www.imdb.com/title/tt0102005/,Movie,6.1,98,1991,"Action, Crime, Drama, Thriller, Western",25179,1991-08-23,"Simon Wincer",,
261,tt0107983,2018-12-25,2018-12-25,"12.03.2017","Romeo Is Bleeding","Romeo Is Bleeding",https://www.imdb.com/title/tt0107983/,Movie,6.5,110,1993,"Crime, Drama, Romance",16700,1994-02-04,"Peter Medak",,
262,tt2980210,2018-12-25,2018-12-25,"14.03.2017","A Hologram for the King","A Hologram for the King",https://www.imdb.com/title/tt2980210/,Movie,6.1,98,2016,"Comedy, Drama, Romance",49817,2016-04-28,"Tom Tykwer",,
263,tt0094889,2018-12-25,2018-12-25,"18.03.2017","Cocktail","Cocktail",https://www.imdb.com/title/tt0094889/,Movie,6.0,104,1988,"Comedy, Drama, Romance",98292,1988-07-29,"Roger Donaldson",,
264,tt0115678,2018-12-25,2018-12-25,"24.03.2017","Big Night","Big Night",https://www.imdb.com/title/tt0115678/,Movie,7.3,109,1996,"Drama, Romance",24927,1996-09-20,"Campbell Scott, Stanley Tucci",,
265,tt2592614,2018-12-25,2018-12-25,"12.05.2017","Resident Evil: The Final Chapter","Resident Evil: The Final Chapter",https://www.imdb.com/title/tt2592614/,Movie,5.5,107,2016,"Action, Horror, Sci-Fi, Thriller",108430,2017-01-27,"Paul W.S. Anderson",,
266,tt0063803,2018-12-25,2018-12-25,"18.05.2017","Who's That Knocking at My Door","Who's That Knocking at My Door",https://www.imdb.com/title/tt0063803/,Movie,6.5,90,1967,"Drama",10889,1968-09-13,"Martin Scorsese",,
267,tt0106489,2018-12-25,2018-12-25,"14.06.2017","A Bronx Tale","A Bronx Tale",https://www.imdb.com/title/tt0106489/,Movie,7.8,121,1993,"Crime, Drama",185369,1993-10-01,"Robert De Niro",,
268,tt0080339,2018-12-25,2018-12-25,"15.06.2017","Airplane!","Airplane!",https://www.imdb.com/title/tt0080339/,Movie,7.7,88,1980,"Comedy",287854,1980-07-02,"Jim Abrahams, David Zucker, Jerry Zucker",,
269,tt0119008,2018-12-25,2018-12-25,"29.06.2017","Donnie Brasco","Donnie Brasco",https://www.imdb.com/title/tt0119008/,Movie,7.7,127,1997,"Biography, Crime, Drama",356378,1997-02-28,"Mike Newell",,
270,tt0120655,2018-12-25,2018-12-25,"30.06.2017","Dogma","Dogma",https://www.imdb.com/title/tt0120655/,Movie,7.3,130,1999,"Adventure, Comedy, Drama, Fantasy",240697,1999-11-12,"Kevin Smith",,
271,tt0070379,2018-12-25,2018-12-25,"11.07.2017","Mean Streets","Mean Streets",https://www.imdb.com/title/tt0070379/,Movie,7.2,112,1973,"Crime, Drama, Thriller",128141,1973-10-14,"Martin Scorsese",,
272,tt3560686,2018-12-25,2018-12-25,"16.07.2017","The Fool","Durak",https://www.imdb.com/title/tt3560686/,Movie,7.9,116,2014,"Crime, Drama, Thriller",18429,2015-09-16,"Yuriy Bykov",,
273,tt0119783,2018-12-25,2018-12-25,"04.08.2017","Night Falls on Manhattan","Night Falls on Manhattan",https://www.imdb.com/title/tt0119783/,Movie,6.7,113,1996,"Crime, Drama, Mystery, Thriller",9538,1997-05-16,"Sidney Lumet",,
274,tt2119532,2018-12-25,2018-12-25,"15.08.2017","Hacksaw Ridge","Hacksaw Ridge",https://www.imdb.com/title/tt2119532/,Movie,8.1,139,2016,"Biography, Drama, History, War",680750,2016-11-04,"Mel Gibson",,
275,tt0105323,2018-12-25,2018-12-25,"20.08.2017","Scent of a Woman","Scent of a Woman",https://www.imdb.com/title/tt0105323/,Movie,8.0,156,1992,"Drama",371618,1993-01-08,"Martin Brest",,
276,tt0162222,2018-12-25,2018-12-25,"22.08.2017","Cast Away","Cast Away",https://www.imdb.com/title/tt0162222/,Movie,7.8,143,2000,"Adventure, Drama, Romance",689501,2000-12-22,"Robert Zemeckis",,
277,tt0169547,2018-12-25,2018-12-25,"22.08.2017","American Beauty","American Beauty",https://www.imdb.com/title/tt0169547/,Movie,8.3,122,1999,"Drama",1279549,1999-10-01,"Sam Mendes",,
278,tt0119488,2018-12-25,2018-12-25,"25.08.2017","L.A. Confidential","L.A. Confidential",https://www.imdb.com/title/tt0119488/,Movie,8.2,138,1997,"Crime, Drama, Mystery, Thriller",659161,1997-09-19,"Curtis Hanson",,
279,tt0119472,2018-12-25,2018-12-25,"02.09.2017","Knockin' on Heaven's Door","Knockin' on Heaven's Door",https://www.imdb.com/title/tt0119472/,Movie,7.8,87,1997,"Action, Crime, Comedy, Drama",36901,1997-02-20,"Thomas Jahn",,
280,tt0425210,2018-12-25,2018-12-25,"03.09.2017","Lucky Number Slevin","Lucky Number Slevin",https://www.imdb.com/title/tt0425210/,Movie,7.7,110,2006,"Crime, Drama, Thriller",338932,2006-04-07,"Paul McGuigan",,
281,tt5129818,2018-12-25,2018-12-25,"04.09.2017","Under the Sun","V luchakh solntsa",https://www.imdb.com/title/tt5129818/,Movie,7.4,106,2015,"Documentary",5417,2016-04-12,"Vitaliy Manskiy",,
282,tt0138524,2018-12-25,2018-12-25,"06.09.2017","Intolerable Cruelty","Intolerable Cruelty",https://www.imdb.com/title/tt0138524/,Movie,6.3,100,2003,"Comedy, Crime, Romance",105843,2003-10-10,"Joel Coen, Ethan Coen",,
283,tt0086979,2018-12-25,2018-12-25,"06.09.2017","Blood Simple","Blood Simple",https://www.imdb.com/title/tt0086979/,Movie,7.5,99,1984,"Crime, Drama, Thriller",113838,1985-01-18,"Joel Coen, Ethan Coen",,
284,tt0107808,2018-12-25,2018-12-25,"07.09.2017","A Perfect World","A Perfect World",https://www.imdb.com/title/tt0107808/,Movie,7.5,138,1993,"Crime, Drama, Thriller",93572,1993-11-24,"Clint Eastwood",,
285,tt0108052,2018-12-25,2018-12-25,"15.09.2017","Schindler's List","Schindler's List",https://www.imdb.com/title/tt0108052/,Movie,9.0,195,1993,"Biography, Drama, History",1584918,1994-02-04,"Steven Spielberg",,
286,tt0122933,2018-12-25,2018-12-25,"11.09.2018","Analyze This","Analyze This",https://www.imdb.com/title/tt0122933/,Movie,6.7,103,1999,"Comedy, Crime",169396,1999-03-05,"Harold Ramis",,
287,tt2763304,2018-12-25,2018-12-25,"15.09.2017","T2 Trainspotting","T2 Trainspotting",https://www.imdb.com/title/tt2763304/,Movie,7.1,117,2017,"Comedy, Crime, Drama",141514,2017-03-31,"Danny Boyle",,
288,tt2861424,2018-12-25,2018-12-25,"17.09.2017","Rick and Morty","Rick and Morty",https://www.imdb.com/title/tt2861424/,TV Series,9.0,23,2013,"Animation, Adventure, Comedy, Sci-Fi",694099,2013-12-02,,,
289,tt0104348,2018-12-25,2018-12-25,"04.10.2017","Glengarry Glen Ross","Glengarry Glen Ross",https://www.imdb.com/title/tt0104348/,Movie,7.6,100,1992,"Crime, Drama, Mystery",126987,1992-10-02,"James Foley",,
290,tt1704573,2018-12-25,2018-12-25,"14.10.2017","Bernie","Bernie",https://www.imdb.com/title/tt1704573/,Movie,6.8,104,2011,"Biography, Comedy, Crime, Drama",67236,2012-06-22,"Richard Linklater",,
291,tt0118375,2018-12-25,2018-12-25,"15.10.2017","King of the Hill","King of the Hill",https://www.imdb.com/title/tt0118375/,TV Series,7.6,30,1997,"Animation, Comedy, Drama",65719,1997-01-12,,,
292,tt0094862,2018-12-25,2018-12-25,"25.10.2017","Child's Play","Child's Play",https://www.imdb.com/title/tt0094862/,Movie,6.7,87,1988,"Horror, Thriller",131970,1988-11-09,"Tom Holland",,
293,tt0087800,2018-12-25,2018-12-25,"27.10.2017","A Nightmare on Elm Street","A Nightmare on Elm Street",https://www.imdb.com/title/tt0087800/,Movie,7.4,91,1984,"Horror",290919,1984-11-16,"Wes Craven",,
294,tt0204137,2018-12-25,2018-12-25,"11.11.2017","Animal Factory","Animal Factory",https://www.imdb.com/title/tt0204137/,Movie,6.6,94,2000,"Crime, Drama",16155,2000-08-01,"Steve Buscemi",,
295,tt1653649,2018-12-25,2018-12-25,"26.11.2017","The Alien Girl","Chuzhaya",https://www.imdb.com/title/tt1653649/,Movie,6.5,100,2010,"Action, Drama",1172,2010-12-17,"Anton Bormatov",,
296,tt0117958,2018-12-25,2018-12-25,"27.11.2017","Trees Lounge","Trees Lounge",https://www.imdb.com/title/tt0117958/,Movie,7.1,95,1996,"Comedy, Drama",18829,1996-10-11,"Steve Buscemi",,
297,tt0079501,2018-12-25,2018-12-25,"05.12.2017","Mad Max","Mad Max",https://www.imdb.com/title/tt0079501/,Movie,6.8,88,1979,"Action, Adventure, Sci-Fi, Thriller",244806,1980-03-21,"George Miller",,
298,tt0082694,2018-12-25,2018-12-25,"05.12.2017","The Road Warrior","Mad Max 2",https://www.imdb.com/title/tt0082694/,Movie,7.6,96,1981,"Action, Adventure, Sci-Fi, Thriller",213200,1982-05-21,"George Miller",,
299,tt0089530,2018-12-25,2018-12-25,"09.12.2017","Mad Max: Beyond Thunderdome","Mad Max Beyond Thunderdome",https://www.imdb.com/title/tt0089530/,Movie,6.2,107,1985,"Action, Adventure, Sci-Fi",162225,1985-07-10,"George Miller, George Ogilvie",,
300,tt1392190,2018-12-25,2018-12-25,"09.12.2017","Mad Max: Fury Road","Mad Max: Fury Road",https://www.imdb.com/title/tt1392190/,Movie,8.1,120,2015,"Action, Adventure, Sci-Fi",1205847,2015-05-15,"George Miller",,
301,tt0100157,2018-12-25,2018-12-25,"11.01.2018","Misery","Misery",https://www.imdb.com/title/tt0100157/,Movie,7.8,107,1990,"Drama, Thriller",266119,1990-11-30,"Rob Reiner",,
302,tt0289992,2018-12-25,2018-12-25,"11.01.2018","The Life of David Gale","The Life of David Gale",https://www.imdb.com/title/tt0289992/,Movie,7.5,130,2003,"Crime, Drama, Mystery, Thriller",132388,2003-02-21,"Alan Parker",,
303,tt0172495,2018-12-25,2018-12-25,"11.01.2018","Gladiator","Gladiator",https://www.imdb.com/title/tt0172495/,Movie,8.5,155,2000,"Action, Adventure, Drama",1848880,2000-05-05,"Ridley Scott",,
304,tt0375679,2018-12-25,2018-12-25,"13.01.2018","Crash","Crash",https://www.imdb.com/title/tt0375679/,Movie,7.7,112,2004,"Crime, Drama, Thriller",462314,2005-05-06,"Paul Haggis",,
305,tt1790809,2018-12-25,2018-12-25,"13.01.2018","Pirates of the Caribbean: Dead Men Tell No Tales","Pirates of the Caribbean: Dead Men Tell No Tales",https://www.imdb.com/title/tt1790809/,Movie,6.5,129,2017,"Action, Adventure, Fantasy",384953,2017-05-26,"Joachim Rønning, Espen Sandberg",,
306,tt0099077,2018-12-25,2018-12-25,"15.01.2018","Awakenings","Awakenings",https://www.imdb.com/title/tt0099077/,Movie,7.8,121,1990,"Biography, Drama",176790,1991-01-11,"Penny Marshall",,
307,tt0087843,2018-12-25,2018-12-25,"17.01.2018","Once Upon a Time in America","C'era una volta in America",https://www.imdb.com/title/tt0087843/,Movie,8.3,229,1984,"Crime, Drama",408854,1984-06-01,"Sergio Leone",,
308,tt5837242,2018-12-25,2018-12-25,"22.02.2018","Kak Vitka Chesnok vyoz Lyokhu Shtyrya v dom invalidov","Kak Vitka Chesnok vyoz Lyokhu Shtyrya v dom invalidov",https://www.imdb.com/title/tt5837242/,Movie,7.1,90,2017,"Crime, Drama",4443,2018-03-23,"Aleksandr Khant",,
309,tt7297578,2018-12-25,2018-12-25,"24.02.2018","Papers, Please: The Short Film","Papers, Please: The Short Film",https://www.imdb.com/title/tt7297578/,Short,7.4,11,2018,"Short, Drama, Thriller",1626,2018-02-24,"Nikita Ordynskiy",,
310,tt5027774,2018-12-25,2018-12-25,"11.03.2018","Three Billboards Outside Ebbing, Missouri","Three Billboards Outside Ebbing, Missouri",https://www.imdb.com/title/tt5027774/,Movie,8.1,115,2017,"Comedy, Crime, Drama",607276,2017-12-01,"Martin McDonagh",,
311,tt0335245,2018-12-25,2018-12-25,"15.03.2018","The Ladykillers","The Ladykillers",https://www.imdb.com/title/tt0335245/,Movie,6.2,104,2004,"Comedy, Crime, Thriller",112574,2004-03-26,"Ethan Coen, Joel Coen",,
312,tt0114594,2018-12-25,2018-12-25,"17.03.2018","Swimming with Sharks","Swimming with Sharks",https://www.imdb.com/title/tt0114594/,Movie,7.0,93,1994,"Comedy, Crime",25953,1995-04-21,"George Huang",,
313,tt0110365,2018-12-25,2018-12-25,"19.03.2018","Little Odessa","Little Odessa",https://www.imdb.com/title/tt0110365/,Movie,6.7,98,1994,"Crime, Drama",9945,1995-05-19,"James Gray",,
314,tt0311113,2018-12-25,2018-12-25,"21.03.2018","Master and Commander: The Far Side of the World","Master and Commander: The Far Side of the World",https://www.imdb.com/title/tt0311113/,Movie,7.5,138,2003,"Action, Adventure, Drama, War",255737,2003-11-14,"Peter Weir",,
315,tt0071360,2018-12-25,2018-12-25,"23.03.2018","The Conversation","The Conversation",https://www.imdb.com/title/tt0071360/,Movie,7.7,113,1974,"Drama, Mystery, Thriller",136975,1974-04-12,"Francis Ford Coppola",,
316,tt2950342,2018-12-25,2018-12-25,"10.04.2018","Mr. Pickles","Mr. Pickles",https://www.imdb.com/title/tt2950342/,TV Series,7.3,15,2013,"Animation, Comedy, Horror",11331,2013-08-26,,,
317,tt1706433,2018-12-25,2018-12-25,"13.04.2018","To Live!","Zhit",https://www.imdb.com/title/tt1706433/,Movie,7.0,74,2010,"Action, Crime, Drama",2582,2010-12-09,"Yuriy Bykov",,
318,tt0111149,2018-12-25,2018-12-25,"14.04.2018","Shallow Grave","Shallow Grave",https://www.imdb.com/title/tt0111149/,Movie,7.2,89,1994,"Crime, Drama, Thriller",70855,1995-02-10,"Danny Boyle",,
319,tt4005402,2018-12-25,2018-12-25,"02.05.2018","Colonia","Colonia",https://www.imdb.com/title/tt4005402/,Movie,7.0,110,2015,"Biography, Drama, History, Romance, Thriller",59715,2016-04-15,"Florian Gallenberger",,
320,tt0102685,2018-12-25,2018-12-25,"10.05.2018","Point Break","Point Break",https://www.imdb.com/title/tt0102685/,Movie,7.3,122,1991,"Action, Crime, Thriller",225097,1991-07-12,"Kathryn Bigelow",,
321,tt1219289,2018-12-25,2018-12-25,"12.05.2018","Limitless","Limitless",https://www.imdb.com/title/tt1219289/,Movie,7.4,105,2011,"Sci-Fi, Thriller",647798,2011-03-18,"Neil Burger",,
322,tt0056592,2018-12-25,2018-12-25,"13.05.2018","To Kill a Mockingbird","To Kill a Mockingbird",https://www.imdb.com/title/tt0056592/,Movie,8.2,129,1962,"Crime, Drama",351684,1963-03-16,"Robert Mulligan",,
323,tt3460252,2018-12-25,2018-12-25,"14.05.2018","The Hateful Eight","The Hateful Eight",https://www.imdb.com/title/tt3460252/,Movie,7.8,168,2015,"Crime, Drama, Mystery, Thriller, Western",722172,2015-12-30,"Quentin Tarantino",,
324,tt0082562,2018-12-25,2018-12-25,"19.05.2018","Madly in Love","Innamorato pazzo",https://www.imdb.com/title/tt0082562/,Movie,6.9,102,1981,"Comedy, Romance",5029,1981-12-18,"Franco Castellano, Giuseppe Moccia",,
325,tt0094291,2018-12-25,2018-12-25,"19.05.2018","Wall Street","Wall Street",https://www.imdb.com/title/tt0094291/,Movie,7.3,126,1987,"Crime, Drama",174661,1987-12-11,"Oliver Stone",,
326,tt0181984,2018-12-25,2018-12-25,"22.05.2018","Boiler Room","Boiler Room",https://www.imdb.com/title/tt0181984/,Movie,7.0,120,2000,"Crime, Drama, Thriller",60207,2000-02-18,"Ben Younger",,
327,tt0080678,2018-12-25,2018-12-25,"04.06.2018","The Elephant Man","The Elephant Man",https://www.imdb.com/title/tt0080678/,Movie,8.2,124,1980,"Biography, Drama",282428,1980-10-10,"David Lynch",,
328,tt0338751,2018-12-25,2018-12-25,"05.06.2018","The Aviator","The Aviator",https://www.imdb.com/title/tt0338751/,Movie,7.5,170,2004,"Biography, Drama",408484,2004-12-25,"Martin Scorsese",,
329,tt1931533,2018-12-25,2018-12-25,"06.06.2018","Seven Psychopaths","Seven Psychopaths",https://www.imdb.com/title/tt1931533/,Movie,7.1,110,2012,"Comedy, Crime, Drama, Thriller",287815,2012-10-12,"Martin McDonagh",,
330,tt0469494,2018-12-25,2018-12-25,"07.06.2018","There Will Be Blood","There Will Be Blood",https://www.imdb.com/title/tt0469494/,Movie,8.2,158,2007,"Drama",708203,2008-01-25,"Paul Thomas Anderson",,
331,tt0910936,2018-12-25,2018-12-25,"08.06.2018","Pineapple Express","Pineapple Express",https://www.imdb.com/title/tt0910936/,Movie,6.9,111,2008,"Action, Comedy, Crime",373065,2008-08-06,"David Gordon Green",,
332,tt0335266,2018-12-25,2018-12-25,"09.06.2018","Lost in Translation","Lost in Translation",https://www.imdb.com/title/tt0335266/,Movie,7.7,102,2003,"Comedy, Drama",529912,2003-10-03,"Sofia Coppola",,
333,tt0412080,2018-12-25,2018-12-25,"10.06.2018","The World's Fastest Indian","The World's Fastest Indian",https://www.imdb.com/title/tt0412080/,Movie,7.7,127,2005,"Biography, Drama, Sport",63956,2006-03-24,"Roger Donaldson",,
334,tt0327247,2018-12-25,2018-12-25,"11.06.2018","The Whole Ten Yards","The Whole Ten Yards",https://www.imdb.com/title/tt0327247/,Movie,5.5,98,2004,"Comedy, Crime, Thriller",60703,2004-04-09,"Howard Deutch",,
335,tt0095953,2018-12-25,2018-12-25,"12.06.2018","Rain Man","Rain Man",https://www.imdb.com/title/tt0095953/,Movie,8.0,133,1988,"Drama",585632,1988-12-16,"Barry Levinson",,
336,tt0110917,2018-12-25,2018-12-25,"24.06.2018","A Pure Formality","Una pura formalità",https://www.imdb.com/title/tt0110917/,Movie,7.5,108,1994,"Crime, Drama, Thriller",13597,1995-05-26,"Giuseppe Tornatore",,
337,tt0058770,2018-12-25,2018-12-25,"27.06.2018","Zhenitba Balzaminova","Zhenitba Balzaminova",https://www.imdb.com/title/tt0058770/,Movie,7.5,90,1964,"Comedy, Drama, History, Romance",885,1964-12-24,"Konstantin Voinov",,
338,tt0079980,2018-12-25,2018-12-25,"28.06.2018","Serie Noire","Série noire",https://www.imdb.com/title/tt0079980/,Movie,7.3,116,1979,"Crime, Drama",3903,1979-04-25,"Alain Corneau",,
339,tt0110074,2018-12-25,2018-12-25,"01.07.2018","The Hudsucker Proxy","The Hudsucker Proxy",https://www.imdb.com/title/tt0110074/,Movie,7.2,111,1994,"Comedy, Drama, Fantasy",90360,1994-03-11,"Joel Coen, Ethan Coen",,
340,tt0180093,2018-12-25,2018-12-25,"04.07.2018","Requiem for a Dream","Requiem for a Dream",https://www.imdb.com/title/tt0180093/,Movie,8.3,102,2000,"Drama",973185,2000-12-15,"Darren Aronofsky",,
341,tt0120324,2018-12-25,2018-12-25,"10.07.2018","A Simple Plan","A Simple Plan",https://www.imdb.com/title/tt0120324/,Movie,7.5,121,1998,"Crime, Drama, Thriller",83691,1999-01-22,"Sam Raimi",,
342,tt0110357,2018-12-25,2018-12-25,"10.07.2018","The Lion King","The Lion King",https://www.imdb.com/title/tt0110357/,Movie,8.5,88,1994,"Animation, Adventure, Drama, Family, Musical",1258174,1994-06-24,"Roger Allers, Rob Minkoff",,
343,tt0264464,2018-12-25,2018-12-25,"10.07.2018","Catch Me If You Can","Catch Me If You Can",https://www.imdb.com/title/tt0264464/,Movie,8.1,141,2002,"Biography, Crime, Drama",1237544,2002-12-25,"Steven Spielberg",,
344,tt0119282,2018-12-25,2018-12-25,"11.07.2018","Hercules","Hercules",https://www.imdb.com/title/tt0119282/,Movie,7.3,93,1997,"Animation, Action, Adventure, Comedy, Family, Fantasy, Musical, Romance",279504,1997-06-27,"Ron Clements, John Musker",,
345,tt0475394,2018-12-25,2018-12-25,"12.07.2018","Smokin' Aces","Smokin' Aces",https://www.imdb.com/title/tt0475394/,Movie,6.6,109,2006,"Action, Comedy, Crime, Drama, Thriller",157698,2007-01-26,"Joe Carnahan",,
346,tt0327056,2018-12-25,2018-12-25,"13.07.2018","Mystic River","Mystic River",https://www.imdb.com/title/tt0327056/,Movie,7.9,138,2003,"Crime, Drama, Mystery, Thriller",522812,2003-10-15,"Clint Eastwood",,
347,tt0094336,2018-12-25,2018-12-25,"14.07.2018","Withnail and I","Withnail & I",https://www.imdb.com/title/tt0094336/,Movie,7.5,107,1987,"Comedy, Drama",52119,1987-06-19,"Bruce Robinson",,
348,tt1343092,2018-12-25,2018-12-25,"15.07.2018","The Great Gatsby","The Great Gatsby",https://www.imdb.com/title/tt1343092/,Movie,7.2,143,2013,"Drama, Romance",642742,2013-05-10,"Baz Luhrmann",,
349,tt0088846,2018-12-25,2018-12-25,"16.07.2018","Brazil","Brazil",https://www.imdb.com/title/tt0088846/,Movie,7.8,132,1985,"Drama, Sci-Fi, Thriller",222687,1985-12-18,"Terry Gilliam",,
350,tt0117318,2018-12-25,2018-12-25,"17.07.2018","The People vs. Larry Flynt","The People vs. Larry Flynt",https://www.imdb.com/title/tt0117318/,Movie,7.3,130,1996,"Biography, Drama",105809,1997-01-10,"Miloš Forman",,
351,tt0280241,2018-12-25,2018-12-25,"19.07.2018","Black River","Black River",https://www.imdb.com/title/tt0280241/,TV Movie,5.7,84,2001,"Mystery, Sci-Fi",1505,2001-07-06,"Jeff Bleckner",,
352,tt0156849,2018-12-25,2018-12-25,"19.07.2018","Of Freaks and Men","Pro urodov i lyudey",https://www.imdb.com/title/tt0156849/,Movie,6.9,93,1998,"Comedy, Drama, History",4896,1998,"Aleksey Balabanov",,
353,tt0114436,2018-12-25,2018-12-25,"20.07.2018","Showgirls","Showgirls",https://www.imdb.com/title/tt0114436/,Movie,5.2,131,1995,"Drama",81962,1995-09-22,"Paul Verhoeven",,
354,tt0043014,2018-12-25,2018-12-25,"21.07.2018","Sunset Boulevard","Sunset Blvd.",https://www.imdb.com/title/tt0043014/,Movie,8.4,110,1950,"Drama, Film-Noir",261159,1950-08-04,"Billy Wilder",,
355,tt1226774,2018-12-25,2018-12-25,"23.07.2018","In the Loop","In the Loop",https://www.imdb.com/title/tt1226774/,Movie,7.4,106,2009,"Comedy",64231,2009-09-04,"Armando Iannucci",,
356,tt0074285,2018-12-25,2018-12-25,"06.08.2018","Carrie","Carrie",https://www.imdb.com/title/tt0074285/,Movie,7.4,98,1976,"Horror",228466,1976-11-16,"Brian De Palma",,
357,tt0072890,2018-12-25,2018-12-25,"14.08.2018","Dog Day Afternoon","Dog Day Afternoon",https://www.imdb.com/title/tt0072890/,Movie,8.0,125,1975,"Biography, Crime, Drama, Thriller",292634,1975-12-25,"Sidney Lumet",,
358,tt0097240,2018-12-25,2018-12-25,"16.08.2018","Drugstore Cowboy","Drugstore Cowboy",https://www.imdb.com/title/tt0097240/,Movie,7.2,102,1989,"Crime, Drama",44140,1989-10-20,"Gus Van Sant",,
359,tt0077416,2018-12-25,2018-12-25,"17.08.2018","The Deer Hunter","The Deer Hunter",https://www.imdb.com/title/tt0077416/,Movie,8.1,183,1978,"Drama, War",386964,1979-02-23,"Michael Cimino",,
360,tt0069628,2018-12-25,2018-12-25,"21.08.2018","Seventeen Moments of Spring","Semnadtsat mgnoveniy vesny",https://www.imdb.com/title/tt0069628/,TV Series,8.7,,1973,"Drama, History, War",5473,1973-08-11,,,
361,tt0116209,2018-12-25,2018-12-25,"23.08.2018","The English Patient","The English Patient",https://www.imdb.com/title/tt0116209/,Movie,7.4,162,1996,"Drama, Romance, War",213595,1996-12-06,"Anthony Minghella",,
362,tt0032910,2018-12-25,2018-12-25,"24.08.2018","Pinocchio","Pinocchio",https://www.imdb.com/title/tt0032910/,Movie,7.5,88,1940,"Animation, Adventure, Comedy, Family, Fantasy, Musical",172521,1940-02-23,"Norman Ferguson, T. Hee, Wilfred Jackson, Jack Kinney, Hamilton Luske, Bill Roberts, Ben Sharpsteen",,
363,tt0036775,2018-12-25,2018-12-25,"25.08.2018","Double Indemnity","Double Indemnity",https://www.imdb.com/title/tt0036775/,Movie,8.3,107,1944,"Crime, Drama, Film-Noir, Mystery, Thriller",181330,1944-07-06,"Billy Wilder",,
364,tt0064118,2018-12-25,2018-12-25,"26.08.2018","The Damned","La caduta degli dei",https://www.imdb.com/title/tt0064118/,Movie,7.4,157,1969,"Drama, War",10931,1969-12-18,"Luchino Visconti",,
365,tt0100935,2018-12-25,2018-12-25,"27.08.2018","Wild at Heart","Wild at Heart",https://www.imdb.com/title/tt0100935/,Movie,7.2,125,1990,"Crime, Drama, Thriller",112511,1990-08-17,"David Lynch",,
366,tt0078902,2018-12-25,2018-12-25,"28.08.2018","Breaking Away","Breaking Away",https://www.imdb.com/title/tt0078902/,Movie,7.7,101,1979,"Comedy, Drama, Sport",27562,1979-07-20,"Peter Yates",,
367,tt0434409,2018-12-25,2018-12-25,"03.09.2018","V for Vendetta","V for Vendetta",https://www.imdb.com/title/tt0434409/,Movie,8.1,132,2005,"Action, Drama, Sci-Fi, Thriller",1246133,2006-03-17,"James McTeigue",,
368,tt0037884,2018-12-25,2018-12-25,"03.09.2018","The Lost Weekend","The Lost Weekend",https://www.imdb.com/title/tt0037884/,Movie,7.9,101,1945,"Drama, Film-Noir",43325,1946-01,"Billy Wilder",,
369,tt0055824,2018-12-25,2018-12-25,"08.09.2018","Cape Fear","Cape Fear",https://www.imdb.com/title/tt0055824/,Movie,7.7,106,1962,"Drama, Thriller",34730,1962-06-15,"J. Lee Thompson",,
370,tt0090685,2018-12-25,2018-12-25,"09.09.2018","Back to School","Back to School",https://www.imdb.com/title/tt0090685/,Movie,6.7,96,1986,"Comedy, Romance, Sport",39520,1986-06-13,"Alan Metter",,
371,tt0107322,2018-12-25,2018-12-25,"20.09.2018","King of the Hill","King of the Hill",https://www.imdb.com/title/tt0107322/,Movie,7.3,103,1993,"Drama, History",9404,1993-08-20,"Steven Soderbergh",,
372,tt0318374,2018-12-25,2018-12-25,"21.09.2018","The Cooler","The Cooler",https://www.imdb.com/title/tt0318374/,Movie,6.9,101,2003,"Drama, Romance",37249,2004-01-16,"Wayne Kramer",,
373,tt0094721,2018-12-25,2018-12-25,"26.09.2018","Beetlejuice","Beetlejuice",https://www.imdb.com/title/tt0094721/,Movie,7.4,92,1988,"Comedy, Fantasy",418295,1988-03-30,"Tim Burton",,
374,tt0098360,2018-12-25,2018-12-25,"27.09.2018","Violent Cop","Sono otoko, kyôbô ni tsuki",https://www.imdb.com/title/tt0098360/,Movie,7.1,103,1989,"Action, Crime, Drama, Thriller",14187,1999-07-16,"Takeshi Kitano",,
375,tt0047878,2018-12-25,2018-12-25,"28.09.2018","The Big Combo","The Big Combo",https://www.imdb.com/title/tt0047878/,Movie,7.3,87,1955,"Crime, Drama, Film-Noir, Thriller",9938,1955-02-13,"Joseph H. Lewis",,
376,tt0291341,2018-12-25,2018-12-25,"29.09.2018","Mean Machine","Mean Machine",https://www.imdb.com/title/tt0291341/,Movie,6.4,99,2001,"Comedy, Crime, Drama, Sport",44051,2001-12-26,"Barry Skolnick",,
377,tt0092593,2018-12-25,2018-12-25,"29.09.2018","Au Revoir Les Enfants","Au revoir les enfants",https://www.imdb.com/title/tt0092593/,Movie,8.0,104,1987,"Drama, War",38535,1988-02-12,"Louis Malle",,
378,tt0073092,2018-12-25,2018-12-25,"04.10.2018","Hard Times","Hard Times",https://www.imdb.com/title/tt0073092/,Movie,7.2,93,1975,"Crime, Drama, Sport",13688,1975-08-13,"Walter Hill",,
379,tt0090756,2018-12-25,2018-12-25,"24.10.2018","Blue Velvet","Blue Velvet",https://www.imdb.com/title/tt0090756/,Movie,7.7,120,1986,"Crime, Drama, Mystery, Thriller",245372,1986-10-23,"David Lynch",,
380,tt0077651,2018-12-25,2018-12-25,"01.11.2018","Halloween","Halloween",https://www.imdb.com/title/tt0077651/,Movie,7.7,91,1978,"Horror, Thriller",338860,1978-10-27,"John Carpenter",,
381,tt0081070,2018-12-25,2018-12-25,"02.11.2018","The Long Good Friday","The Long Good Friday",https://www.imdb.com/title/tt0081070/,Movie,7.5,114,1980,"Crime, Drama, Mystery, Thriller",29545,1982-04-02,"John Mackenzie",8,2018-12-30
382,tt0070643,2018-12-25,2018-12-25,"04.11.2018","Scarecrow","Scarecrow",https://www.imdb.com/title/tt0070643/,Movie,7.2,112,1973,"Drama",22023,1973-04-11,"Jerry Schatzberg",,
383,tt0066999,2018-12-25,2018-12-25,"05.11.2018","Dirty Harry","Dirty Harry",https://www.imdb.com/title/tt0066999/,Movie,7.7,102,1971,"Action, Crime, Thriller",180889,1971-12-23,"Don Siegel, Clint Eastwood",,
384,tt0103805,2018-12-25,2018-12-25,"08.11.2018,","Beyond the Law","Beyond the Law",https://www.imdb.com/title/tt0103805/,Movie,6.4,108,1993,"Crime, Drama, Thriller",8882,1993-04-22,"Larry Ferguson",,
385,tt0095631,2018-12-25,2018-12-25,"09.11.2018","Midnight Run","Midnight Run",https://www.imdb.com/title/tt0095631/,Movie,7.5,126,1988,"Action, Comedy, Crime, Thriller",103744,1988-07-20,"Martin Brest",,
386,tt1590193,2018-12-25,2018-12-25,"15.11.2018","The Commuter","The Commuter",https://www.imdb.com/title/tt1590193/,Movie,6.3,104,2018,"Action, Mystery, Thriller",133897,2018-01-12,"Jaume Collet-Serra",,
387,tt4682786,2018-12-25,2018-12-25,"21.11.2018","Collateral Beauty","Collateral Beauty",https://www.imdb.com/title/tt4682786/,Movie,6.8,97,2016,"Drama, Romance",109296,2016-12-16,"David Frankel",,
388,tt6412452,2018-12-25,2018-12-25,"06.12.2018","The Ballad of Buster Scruggs","The Ballad of Buster Scruggs",https://www.imdb.com/title/tt6412452/,Movie,7.2,133,2018,"Comedy, Drama, Musical, Mystery, Western",184381,2018-11-09,"Ethan Coen, Joel Coen",,
389,tt0083658,2018-12-25,2018-12-25,"14.12.2018","Blade Runner","Blade Runner",https://www.imdb.com/title/tt0083658/,Movie,8.1,117,1982,"Action, Drama, Sci-Fi, Thriller",881887,1982-06-25,"Ridley Scott",,
390,tt7326248,2018-12-25,2018-12-25,"15.12.2018","2036: Nexus Dawn","Blade Runner: 2036 Nexus Dawn",https://www.imdb.com/title/tt7326248/,Short,6.9,6,2017,"Short, Sci-Fi, Thriller",9537,2017-08-30,"Luke Scott",,
391,tt7387408,2018-12-25,2018-12-25,"15.12.2018","2048: Nowhere to Run","Blade Runner: 2048 Nowhere to Run",https://www.imdb.com/title/tt7387408/,Short,6.8,5,2017,"Short, Action, Sci-Fi, Thriller",8440,2017-09-14,"Luke Scott",,
392,tt7428594,2018-12-25,2018-12-25,"15.12.2018","Blade Runner: Black Out 2022","Burêdo rannâ: Burakku auto 2022",https://www.imdb.com/title/tt7428594/,Video,7.3,15,2017,"Animation, Short, Action, Sci-Fi",10762,2017-09-26,"Shin'ichirô Watanabe",,
393,tt1856101,2018-12-25,2018-12-25,"15.12.2018","Blade Runner 2049","Blade Runner 2049",https://www.imdb.com/title/tt1856101/,Movie,8.0,164,2017,"Action, Drama, Mystery, Sci-Fi, Thriller",753500,2017-10-06,"Denis Villeneuve",,
394,tt0099329,2018-12-25,2018-12-25,"16.12.2018","Cry-Baby","Cry-Baby",https://www.imdb.com/title/tt0099329/,Movie,6.5,85,1990,"Comedy, Musical",68709,1990-04-06,"John Waters",5,2019-01-01
395,tt1675192,2018-12-25,2018-12-25,"20.12.2018","Take Shelter","Take Shelter",https://www.imdb.com/title/tt1675192/,Movie,7.3,120,2011,"Drama, Thriller",115622,2011-11-10,"Jeff Nichols",7,2019-01-01
396,tt3203606,2018-12-25,2018-12-25,"23.12.2018","Trumbo","Trumbo",https://www.imdb.com/title/tt3203606/,Movie,7.4,124,2015,"Biography, Drama",87601,2015-11-27,"Jay Roach",7,2019-01-01
397,tt0047296,2018-12-25,2018-12-25,"24.12.2018","On the Waterfront","On the Waterfront",https://www.imdb.com/title/tt0047296/,Movie,8.1,108,1954,"Crime, Drama, Thriller",177800,1954-06-22,"Elia Kazan",8,2019-02-22
398,tt0119116,2018-12-25,2018-12-25,"25.12.2018","The Fifth Element","Le cinquième élément",https://www.imdb.com/title/tt0119116/,Movie,7.6,126,1997,"Action, Adventure, Sci-Fi",544885,1997-05-09,"Luc Besson",,
399,tt0993846,2018-12-25,2018-12-25,"25.12.2018","The Wolf of Wall Street","The Wolf of Wall Street",https://www.imdb.com/title/tt0993846/,Movie,8.2,180,2013,"Biography, Comedy, Crime, Drama",1786567,2013-12-25,"Martin Scorsese",,
400,tt0363547,2018-12-25,2018-12-25,"25.12.2018","Dawn of the Dead","Dawn of the Dead",https://www.imdb.com/title/tt0363547/,Movie,7.2,101,2004,"Action, Horror",288409,2004-03-19,"Zack Snyder",6,2018-12-25
401,tt0120601,2018-12-26,2019-01-05,"26.12.2018","Being John Malkovich","Being John Malkovich",https://www.imdb.com/title/tt0120601/,Movie,7.7,113,1999,"Comedy, Drama, Fantasy",369859,1999-12-03,"Spike Jonze",8,2018-12-26
402,tt0065670,2018-12-27,2019-01-05,"27.12.2018","Twelve Chairs","12 stulev",https://www.imdb.com/title/tt0065670/,Movie,8.1,153,1971,"Adventure, Comedy, Crime",8018,1972-11-02,"Leonid Gaidai",8,2018-12-27
403,tt0072226,2018-12-28,2019-01-05,"28.12.2018","The Sugarland Express","The Sugarland Express",https://www.imdb.com/title/tt0072226/,Movie,6.7,110,1974,"Crime, Drama",22092,2025-05-01,"Steven Spielberg",8,2018-12-28
404,tt0086837,2018-12-29,2019-01-05,"29.12.2018","2010: The Year We Make Contact","2010",https://www.imdb.com/title/tt0086837/,Movie,6.7,116,1984,"Adventure, Mystery, Sci-Fi, Thriller",61186,1984-12-07,"Peter Hyams",7,2018-12-29
405,tt0119528,2018-12-30,2019-01-05,"30.12.2018","Liar Liar","Liar Liar",https://www.imdb.com/title/tt0119528/,Movie,6.9,86,1997,"Comedy, Fantasy",362750,1997-03-21,"Tom Shadyac",6,2018-12-30
406,tt0084445,2019-01-01,2019-01-05,"01.01.2019","One from the Heart","One from the Heart",https://www.imdb.com/title/tt0084445/,Movie,6.5,107,1981,"Drama, Musical, Romance",9068,1982-02-11,"Francis Ford Coppola",6,2019-01-01
407,tt0376136,2019-01-05,2019-01-05,"05.01.2019","The Rum Diary","The Rum Diary",https://www.imdb.com/title/tt0376136/,Movie,6.1,119,2011,"Comedy, Drama, Romance",110154,2011-10-28,"Bruce Robinson",8,2019-01-05
408,tt0100680,2019-02-07,2019-02-09,"11.01.2019","Stanley & Iris","Stanley & Iris",https://www.imdb.com/title/tt0100680/,Movie,6.4,104,1990,"Drama, Romance",9445,1990-02-09,"Martin Ritt",8,2019-01-11
409,tt0077928,2019-01-12,2019-02-09,"12.01.2019","Midnight Express","Midnight Express",https://www.imdb.com/title/tt0077928/,Movie,7.5,121,1978,"Biography, Crime, Drama, Thriller",94666,1978-10-27,"Alan Parker",8,2019-01-14
410,tt0097202,2019-01-14,2019-01-20,"14.01.2019","The Killer","Dip huet seung hung",https://www.imdb.com/title/tt0097202/,Movie,7.7,111,1989,"Action, Crime, Drama, Thriller",55442,1990-09,"John Woo",8,2019-01-14
411,tt1748122,2019-01-16,2019-01-20,"16.01.2019","Moonrise Kingdom","Moonrise Kingdom",https://www.imdb.com/title/tt1748122/,Movie,7.7,94,2012,"Adventure, Comedy, Drama, Fantasy, Romance",382935,2012-06-29,"Wes Anderson",8,2019-01-16
412,tt1152836,2019-01-22,2019-01-27,"22.01.2019","Public Enemies","Public Enemies",https://www.imdb.com/title/tt1152836/,Movie,6.9,140,2009,"Biography, Crime, Drama, History",334910,2009-07-01,"Michael Mann",6,2019-01-22
413,tt0113870,2019-01-26,2019-01-27,"27.01.2019","Murder in the First","Murder in the First",https://www.imdb.com/title/tt0113870/,Movie,7.3,122,1995,"Drama, Thriller",32944,1995-01-20,"Marc Rocco",8,2019-01-30
414,tt0114113,2019-01-29,2019-02-04,"29.01.2019","The Perez Family","The Perez Family",https://www.imdb.com/title/tt0114113/,Movie,6.0,113,1995,"Comedy, Romance, Drama",2617,1995-05-12,"Mira Nair",7,2019-01-30
415,tt0147612,2019-01-30,2019-02-04,"30.01.2019","Happiness","Happiness",https://www.imdb.com/title/tt0147612/,Movie,7.7,134,1998,"Comedy, Drama",79855,1998-10-16,"Todd Solondz",8,2019-03-06
416,tt0043338,2019-02-04,2019-02-07,"04.02.2019","Ace in the Hole","Ace in the Hole",https://www.imdb.com/title/tt0043338/,Movie,8.0,111,1951,"Drama, Film-Noir",42424,1951-07-04,"Billy Wilder",8,2019-02-04
417,tt5613484,2019-02-06,2019-02-15,"06.02.2019","Mid90s","Mid90s",https://www.imdb.com/title/tt5613484/,Movie,7.4,85,2018,"Comedy, Drama",87990,2018-10-26,"Jonah Hill",7,2019-02-06
418,tt6569966,2019-02-10,2019-02-15,"10.02.2019","My Dead Dad's Porno Tapes","My Dead Dad's Porno Tapes",https://www.imdb.com/title/tt6569966/,Short,7.2,14,2018,"Documentary, Short, Biography",423,2018-01-19,"Charlie Tyrell",7,2019-02-10
419,tt0113277,2019-02-16,2019-02-18,"16.02.2019","Heat","Heat",https://www.imdb.com/title/tt0113277/,Movie,8.3,170,1995,"Action, Crime, Drama",803459,1995-12-15,"Michael Mann",8,2019-02-16
420,tt0044706,2019-02-17,2019-02-18,"17.02.2019","High Noon","High Noon",https://www.imdb.com/title/tt0044706/,Movie,7.9,85,1952,"Drama, Thriller, Western",116423,1952-07-30,"Fred Zinnemann",7,2019-02-17
421,tt0154506,2019-02-18,2019-02-18,"18.02.2019","Following","Following",https://www.imdb.com/title/tt0154506/,Movie,7.4,69,1998,"Crime, Mystery, Thriller",110431,1999-11-05,"Christopher Nolan",8,2019-02-18
422,tt0114709,2019-02-20,2019-02-20,"20.02.2019","Toy Story","Toy Story",https://www.imdb.com/title/tt0114709/,Movie,8.3,81,1995,"Animation, Adventure, Comedy, Family, Fantasy",1173508,1995-11-22,"John Lasseter",7,2019-02-20
423,tt0103671,2019-02-22,2019-02-22,"22.02.2019","American Me","American Me",https://www.imdb.com/title/tt0103671/,Movie,7.1,125,1992,"Biography, Crime, Drama, Romance",11549,1992-03-13,"Edward James Olmos",9,2019-02-22
424,tt0130827,2019-02-24,2019-02-24,"24.02.2019","Run Lola Run","Lola rennt",https://www.imdb.com/title/tt0130827/,Movie,7.6,80,1998,"Action, Crime, Thriller",217980,1999-06-18,"Tom Tykwer",7,2019-02-24
425,tt0042208,2019-02-27,2019-03-05,"27.02.2019","The Asphalt Jungle","The Asphalt Jungle",https://www.imdb.com/title/tt0042208/,Movie,7.8,112,1950,"Crime, Drama, Film-Noir, Thriller",32758,1950-05-12,"John Huston",7,2019-02-27
426,tt0087089,2019-03-05,2019-03-05,"02.03.2019","The Cotton Club","The Cotton Club",https://www.imdb.com/title/tt0087089/,Movie,6.6,129,1984,"Crime, Drama, Music",21180,1984-12-14,"Francis Ford Coppola",7,2019-03-02
427,tt0070510,2019-03-06,2019-03-08,"06.03.2019","Paper Moon","Paper Moon",https://www.imdb.com/title/tt0070510/,Movie,8.1,102,1973,"Comedy, Crime, Drama",57498,1973-05-09,"Peter Bogdanovich",9,2019-03-06
428,tt0074991,2019-03-07,2019-03-08,"07.03.2019","Obsession","Obsession",https://www.imdb.com/title/tt0074991/,Movie,6.7,98,1976,"Drama, Mystery, Thriller",13389,1976-09-13,"Brian De Palma",8,2019-03-07
429,tt0109417,2019-03-08,2019-03-14,"08.03.2019","China Moon","China Moon",https://www.imdb.com/title/tt0109417/,Movie,6.3,99,1994,"Crime, Drama, Mystery, Romance, Thriller",9229,1994-03-04,"John Bailey",8,2019-03-08
430,tt0272152,2019-03-13,2019-03-14,"13.03.2019","K-PAX","K-PAX",https://www.imdb.com/title/tt0272152/,Movie,7.4,120,2001,"Drama, Mystery, Sci-Fi",202663,2001-10-26,"Iain Softley",9,2019-03-13
431,tt0120832,2019-03-14,2019-03-17,"14.03.2019","Snake Eyes","Snake Eyes",https://www.imdb.com/title/tt0120832/,Movie,6.2,98,1998,"Crime, Mystery, Thriller",93195,1998-08-07,"Brian De Palma",6,2019-03-14
432,tt0080661,2019-03-15,2019-03-17,"15.03.2019","Dressed to Kill","Dressed to Kill",https://www.imdb.com/title/tt0080661/,Movie,7.0,104,1980,"Crime, Drama, Mystery, Thriller",56568,1980-07-25,"Brian De Palma",7,2019-03-16
433,tt0082085,2019-03-16,2019-03-17,"16.03.2019","Blow Out","Blow Out",https://www.imdb.com/title/tt0082085/,Movie,7.4,108,1981,"Crime, Drama, Mystery, Thriller",76203,1981-07-24,"Brian De Palma",8,2019-03-16
434,tt0250687,2019-03-20,2019-03-31,"20.03.2019","Rat Race","Rat Race",https://www.imdb.com/title/tt0250687/,Movie,6.5,112,2001,"Action, Adventure, Comedy",130493,2001-08-17,"Jerry Zucker",7,2019-03-20
435,tt0091341,2019-04-29,2019-05-12,"28.04.2019","Kin-dza-dza!","Kin-dza-dza!",https://www.imdb.com/title/tt0091341/,Movie,7.8,135,1986,"Comedy, Drama, Sci-Fi",15284,1986-12-01,"Georgiy Daneliya",8,2019-05-12
436,tt6966692,2019-05-16,2019-05-17,"16.05.2019","Green Book","Green Book",https://www.imdb.com/title/tt6966692/,Movie,8.2,130,2018,"Biography, Comedy, Drama, Music",685119,2018-11-16,"Peter Farrelly",8,2019-05-16
437,tt4633690,2019-05-29,2019-05-29,"29.05.2019","Shot Caller","Shot Caller",https://www.imdb.com/title/tt4633690/,Movie,7.3,121,2017,"Crime, Drama, Thriller",113577,2017-08-18,"Ric Roman Waugh",8,2019-05-29
438,tt0071315,2019-05-30,2019-06-04,"30.05.2019","Chinatown","Chinatown",https://www.imdb.com/title/tt0071315/,Movie,8.1,130,1974,"Drama, Mystery, Thriller",377102,1974-06-20,"Roman Polanski",8,2019-05-30
439,tt0158983,2019-06-04,2019-06-04,"04.06.2019","South Park: Bigger, Longer & Uncut","South Park: Bigger, Longer & Uncut",https://www.imdb.com/title/tt0158983/,Movie,7.7,81,1999,"Animation, Comedy, Fantasy, Musical",224625,1999-06-30,"Trey Parker",7,2019-06-04
440,tt0072613,2019-06-07,2019-06-07,"06.06.2019","Afonya","Afonya",https://www.imdb.com/title/tt0072613/,Movie,7.7,92,1975,"Comedy, Drama, Romance",5658,1975-10-13,"Georgiy Daneliya",7,2019-06-07
441,tt7366338,2019-06-11,2019-06-16,"11.06.2019","Chernobyl","Chernobyl",https://www.imdb.com/title/tt7366338/,TV Mini Series,9.3,60,2019,"Drama, History, Thriller",1035609,2019-05-06,,10,2019-06-11
442,tt1596365,2019-06-15,2019-06-16,"15.06.2019","The Woman in Black","The Woman in Black",https://www.imdb.com/title/tt1596365/,Movie,6.4,95,2012,"Drama, Fantasy, Horror, Thriller",199631,2012-02-03,"James Watkins",5,2019-06-15
443,tt0115734,2019-06-16,2019-06-16,"16.06.2019","Bottle Rocket","Bottle Rocket",https://www.imdb.com/title/tt0115734/,Movie,6.9,91,1996,"Comedy, Crime, Drama",88390,1996-02-21,"Wes Anderson",7,2019-06-16
444,tt0120820,2019-06-25,2019-07-12,"25.06.2019","Senseless","Senseless",https://www.imdb.com/title/tt0120820/,Movie,6.0,93,1998,"Comedy, Romance",19041,1998-02-20,"Penelope Spheeris",6,2019-06-25
445,tt0265666,2019-07-12,2019-07-12,"12.07.2019","The Royal Tenenbaums","The Royal Tenenbaums",https://www.imdb.com/title/tt0265666/,Movie,7.6,110,2001,"Comedy, Drama",335035,2002-01-04,"Wes Anderson",7,2019-07-12
446,tt0362270,2019-07-19,2019-07-19,"19.07.2019","The Life Aquatic with Steve Zissou","The Life Aquatic with Steve Zissou",https://www.imdb.com/title/tt0362270/,Movie,7.2,119,2004,"Action, Adventure, Comedy, Drama, Romance",221059,2004-12-25,"Wes Anderson",8,2019-07-19
447,tt0838221,2019-07-20,2019-07-20,"20.07.2019","The Darjeeling Limited","The Darjeeling Limited",https://www.imdb.com/title/tt0838221/,Movie,7.2,91,2007,"Adventure, Comedy, Drama",234672,2007-10-26,"Wes Anderson",7,2019-07-20
448,tt0432283,2019-07-24,2019-07-24,"24.07.2019","Fantastic Mr. Fox","Fantastic Mr. Fox",https://www.imdb.com/title/tt0432283/,Movie,7.9,87,2009,"Animation, Adventure, Comedy, Crime, Drama, Family",305016,2009-11-25,"Wes Anderson",8,2019-07-24
449,tt5104604,2020-05-04,2020-05-04,,"Isle of Dogs","Isle of Dogs",https://www.imdb.com/title/tt5104604/,Movie,7.8,101,2018,"Animation, Adventure, Comedy, Drama, Fantasy, Sci-Fi",211083,2018-04-13,"Wes Anderson",8,2019-07-26
450,tt0479884,2019-07-25,2019-07-25,"25.07.2019","Crank","Crank",https://www.imdb.com/title/tt0479884/,Movie,6.9,88,2006,"Action, Crime, Thriller",277554,2006-09-01,"Mark Neveldine, Brian Taylor",7,2019-07-25
451,tt0039822,2019-07-31,2019-08-05,"31.07.2019","The Silence of the Sea","Le silence de la mer",https://www.imdb.com/title/tt0039822/,Movie,7.6,87,1949,"Drama, Romance, War",6200,1949-04-22,"Jean-Pierre Melville",8,2019-07-31
452,tt0454987,2019-08-03,2019-08-05,"03.08.2019","Let's Go to Prison","Let's Go to Prison",https://www.imdb.com/title/tt0454987/,Movie,5.9,84,2006,"Comedy, Crime",27380,2006-11-17,"Bob Odenkirk",7,2019-08-03
453,tt9426210,2019-11-02,2019-11-02,"02.11.2019","Weathering with You","Tenki no ko",https://www.imdb.com/title/tt9426210/,Movie,7.5,112,2019,"Animation, Drama, Fantasy, Romance",70003,2020-01-17,"Makoto Shinkai",8,2019-11-02
454,tt0163988,2021-02-20,2021-02-20,,"Bringing Out the Dead","Bringing Out the Dead",https://www.imdb.com/title/tt0163988/,Movie,6.8,121,1999,"Drama, Thriller",81302,1999-10-22,"Martin Scorsese",7,2020-02-02
455,tt0124901,2019-12-06,2019-12-06,"08.12.2019","Thursday","Thursday",https://www.imdb.com/title/tt0124901/,Movie,7.1,83,1998,"Action, Comedy, Crime, Drama, Mystery, Thriller",22021,1998-09-25,"Skip Woods",8,2019-12-06
456,tt1156398,2019-12-13,2019-12-13,"13.12.2019","Zombieland","Zombieland",https://www.imdb.com/title/tt1156398/,Movie,7.5,88,2009,"Action, Comedy, Horror",667531,2009-10-02,"Ruben Fleischer",6,2019-12-13
457,tt1560220,2020-01-05,2020-01-10,"05.01.2020","Zombieland: Double Tap","Zombieland: Double Tap",https://www.imdb.com/title/tt1560220/,Movie,6.6,99,2019,"Action, Comedy, Horror",225676,2019-10-18,"Ruben Fleischer",5,2020-01-05
458,tt0071402,2020-01-10,2020-01-10,"10.01.2020","Death Wish","Death Wish",https://www.imdb.com/title/tt0071402/,Movie,6.9,93,1974,"Action, Crime, Drama, Thriller",48185,1974-07-24,"Michael Winner",7,2020-01-10
459,tt0068309,2020-01-25,2020-01-25,"25.01.2020","Boxcar Bertha","Boxcar Bertha",https://www.imdb.com/title/tt0068309/,Movie,6.0,88,1972,"Crime, Drama, Romance",12428,1972-06-14,"Martin Scorsese",6,2020-01-25
460,tt0071115,2020-01-26,2020-01-26,"26.01.2020","Alice Doesn't Live Here Anymore","Alice Doesn't Live Here Anymore",https://www.imdb.com/title/tt0071115/,Movie,7.3,112,1974,"Drama, Romance",30025,1975-05-23,"Martin Scorsese",7,2020-01-26
461,tt0085794,2020-02-01,2020-02-01,"01.02.2020","The King of Comedy","The King of Comedy",https://www.imdb.com/title/tt0085794/,Movie,7.8,109,1982,"Comedy, Crime, Drama, Thriller",132937,1982-12-18,"Martin Scorsese",7,2020-02-01
462,tt0217505,2020-02-09,2020-02-09,"09.02.2020","Gangs of New York","Gangs of New York",https://www.imdb.com/title/tt0217505/,Movie,7.5,167,2002,"Crime, Drama",505498,2002-12-20,"Martin Scorsese",8,2020-02-09
463,tt0081398,2020-02-16,2020-02-16,"16.02.2020","Raging Bull","Raging Bull",https://www.imdb.com/title/tt0081398/,Movie,8.1,129,1980,"Biography, Drama, Sport",411110,1980-12-19,"Martin Scorsese",8,2020-02-16
464,tt0053258,2020-03-09,2020-03-11,"09.03.2020","There Will Be No Leave Today","Segodnya uvolneniya ne budet",https://www.imdb.com/title/tt0053258/,TV Movie,6.4,45,1959,"Drama, Thriller",1946,1959-05-09,"Aleksandr Gordon, Andrei Tarkovsky",7,2020-03-09
465,tt0053987,2020-03-09,2020-03-09,"09.03.2020","The Steamroller and the Violin","Katok i skripka",https://www.imdb.com/title/tt0053987/,Movie,7.4,46,1961,"Drama",7853,1962-08-18,"Andrei Tarkovsky",7,2020-03-09
466,tt0420982,2020-03-11,2020-03-11,"10.03.2020","Blind Man's Bluff","Zhmurki",https://www.imdb.com/title/tt0420982/,Movie,7.2,111,2005,"Comedy, Crime, Thriller",10589,2005-05-26,"Aleksey Balabanov",7,2020-03-11
467,tt0056111,2020-03-22,2020-03-22,"11.03.2020","Ivan's Childhood","Ivanovo detstvo",https://www.imdb.com/title/tt0056111/,Movie,8.0,95,1962,"Drama, War",43431,1963-06-27,"Andrei Tarkovsky, Eduard Abalov",7,2020-03-22
468,tt0309047,2020-03-22,2020-03-22,"12.03.2020","War","Voyna",https://www.imdb.com/title/tt0309047/,Movie,7.5,120,2002,"Action, Drama, War",6084,2002-03-14,"Aleksey Balabanov",7,2020-03-22
469,tt0847880,2020-03-24,2020-03-24,"23.03.2020","Cargo 200","Gruz 200",https://www.imdb.com/title/tt0847880/,Movie,7.1,89,2007,"Crime, Drama, Thriller",13722,2007-06-14,"Aleksey Balabanov",8,2020-03-24
470,tt0233142,2020-04-04,2020-04-04,"04.04.2020","3000 Miles to Graceland","3000 Miles to Graceland",https://www.imdb.com/title/tt0233142/,Movie,6.0,125,2001,"Action, Comedy, Crime, Thriller",51155,2001-02-23,"Demian Lichtenstein",7,2020-04-04
471,tt7670212,2020-04-05,2020-04-05,"05.04.2020","The Golden Glove","Der goldene Handschuh",https://www.imdb.com/title/tt7670212/,Movie,6.7,115,2019,"Crime, Drama, Horror, Thriller",22014,2019-02-21,"Fatih Akin",8,2020-04-05
472,tt8228288,2020-04-09,2020-04-09,"09.04.2020","The Platform","El hoyo",https://www.imdb.com/title/tt8228288/,Movie,7.0,94,2019,"Horror, Mystery, Sci-Fi, Thriller",323978,2020-03-20,"Galder Gaztelu-Urrutia",8,2020-04-09
473,tt7959026,2020-04-10,2020-04-10,"10.04.2020","The Mule","The Mule",https://www.imdb.com/title/tt7959026/,Movie,7.0,116,2018,"Crime, Drama, Thriller",168755,2018-12-14,"Clint Eastwood",7,2020-04-10
474,tt0103759,2020-04-12,2020-04-12,"12.04.2020","Bad Lieutenant","Bad Lieutenant",https://www.imdb.com/title/tt0103759/,Movie,7.0,96,1992,"Crime, Drama, Thriller",52522,1992-12-17,"Abel Ferrara",7,2020-04-12
475,tt9243946,2020-04-18,2020-04-18,,"El Camino","El Camino",https://www.imdb.com/title/tt9243946/,Movie,7.3,122,2019,"Crime, Drama, Thriller",343523,2019-10-11,"Vince Gilligan",7,2020-04-18
476,tt1791528,2021-01-24,2021-01-24,,"Inherent Vice","Inherent Vice",https://www.imdb.com/title/tt1791528/,Movie,6.6,148,2014,"Comedy, Crime, Drama, Mystery, Romance",119518,2015-01-09,"Paul Thomas Anderson",6,2020-06-27
477,tt1560747,2020-05-09,2020-06-02,"09.05.2020","The Master","The Master",https://www.imdb.com/title/tt1560747/,Movie,7.1,138,2012,"Drama",201051,2012-09-21,"Paul Thomas Anderson",7,2020-05-09
478,tt0091251,2020-05-23,2020-05-23,"16.05.2020","Come and See","Idi i smotri",https://www.imdb.com/title/tt0091251/,Movie,8.3,142,1985,"Drama, Thriller, War",122748,1985-09-03,"Elem Klimov",9,2020-05-23
479,tt0058461,2020-05-23,2020-06-02,"23.05.2020","A Fistful of Dollars","Per un pugno di dollari",https://www.imdb.com/title/tt0058461/,Movie,7.9,99,1964,"Drama, Western",253566,1967-01-18,"Sergio Leone",7,2020-05-23
480,tt0242423,2020-05-29,2020-06-02,"29.05.2020","Dude, Where's My Car?","Dude, Where's My Car?",https://www.imdb.com/title/tt0242423/,Movie,5.5,83,2000,"Comedy, Mystery, Sci-Fi",152797,2000-12-15,"Danny Leiner",5,2020-05-29
481,tt0816692,2020-06-05,2020-06-14,"05.06.2020","Interstellar","Interstellar",https://www.imdb.com/title/tt0816692/,Movie,8.7,169,2014,"Adventure, Drama, Sci-Fi",2526591,2014-11-07,"Christopher Nolan",8,2020-06-05
482,tt6751668,2020-06-14,2020-06-14,"14.06.2020","Parasite","Gisaengchung",https://www.imdb.com/title/tt6751668/,Movie,8.5,132,2019,"Drama, Thriller",1162681,2019-11-08,"Bong Joon Ho",8,2020-06-14
483,tt0059274,2020-06-20,2020-07-05,"20.06.2020","The Hill","The Hill",https://www.imdb.com/title/tt0059274/,Movie,7.8,123,1965,"Drama, War",16483,1965-06-27,"Sidney Lumet",8,2020-06-20
484,tt7131622,2020-06-21,2020-07-05,"21.06.2020","Once Upon a Time... in Hollywood","Once Upon a Time in... Hollywood",https://www.imdb.com/title/tt7131622/,Movie,7.6,161,2019,"Comedy, Drama",961640,2019-07-26,"Quentin Tarantino",8,2020-06-21
485,tt2935510,2020-06-28,2020-07-05,"28.06.2020","Ad Astra","Ad Astra",https://www.imdb.com/title/tt2935510/,Movie,6.5,123,2019,"Adventure, Drama, Mystery, Sci-Fi, Thriller",281037,2019-09-20,"James Gray",8,2020-06-28
486,tt4501244,2020-07-03,2020-07-05,"03.07.2020","Why Him?","Why Him?",https://www.imdb.com/title/tt4501244/,Movie,6.2,111,2016,"Comedy",135468,2016-12-23,"John Hamburg",5,2020-07-03
487,tt5727208,2020-07-04,2020-07-05,"04.07.2020","Uncut Gems","Uncut Gems",https://www.imdb.com/title/tt5727208/,Movie,7.4,135,2019,"Crime, Drama, Thriller",356031,2019-12-25,"Benny Safdie, Josh Safdie",7,2020-07-04
488,tt6742252,2020-07-05,2020-07-05,"05.07.2020","The Guilty","Den skyldige",https://www.imdb.com/title/tt6742252/,Movie,7.5,85,2018,"Crime, Drama, Thriller",69207,2018-10-19,"Gustav Möller",8,2020-07-05
489,tt0353969,2020-07-18,2020-08-13,"18.07.2020","Memories of Murder","Salinui chueok",https://www.imdb.com/title/tt0353969/,Movie,8.1,131,2003,"Crime, Drama, Mystery, Thriller",266313,2003-05-02,"Bong Joon Ho",8,2020-07-18
490,tt0272338,2020-07-19,2020-08-13,"19.07.2020","Punch-Drunk Love","Punch-Drunk Love",https://www.imdb.com/title/tt0272338/,Movie,7.3,95,2002,"Comedy, Drama, Romance, Thriller",198686,2002-11-01,"Paul Thomas Anderson",7,2020-07-19
491,tt1675434,2020-07-28,2020-08-13,"28.07.2020","The Intouchables","Intouchables",https://www.imdb.com/title/tt1675434/,Movie,8.5,112,2011,"Comedy, Drama",1026900,2011-11-02,"Olivier Nakache, Éric Toledano",7,2020-07-28
492,tt0093137,2020-07-29,2020-08-13,"29.07.2020","Hamburger Hill","Hamburger Hill",https://www.imdb.com/title/tt0093137/,Movie,6.7,110,1987,"Action, Drama, Thriller, War",29980,1987-08-28,"John Irvin",6,2020-07-29
493,tt11823076,2020-08-06,2020-08-13,"06.08.2020","Tiger King","Tiger King",https://www.imdb.com/title/tt11823076/,TV Series,7.5,45,2020,"Documentary, Biography, Crime",90878,2020-03-20,,7,2020-08-06
494,tt0387808,2020-08-09,2020-08-13,"09.08.2020","Idiocracy","Idiocracy",https://www.imdb.com/title/tt0387808/,Movie,6.5,84,2006,"Adventure, Comedy, Sci-Fi, Thriller",215681,2007-01-25,"Mike Judge",6,2020-08-09
495,tt5013056,2020-08-16,2020-09-13,"16.08.2020","Dunkirk","Dunkirk",https://www.imdb.com/title/tt5013056/,Movie,7.8,106,2017,"Action, Drama, History, Thriller, War",807007,2017-07-21,"Christopher Nolan",7,2020-08-16
496,tt0040522,2020-08-20,2020-09-13,"20.08.2020","Bicycle Thieves","Ladri di biciclette",https://www.imdb.com/title/tt0040522/,Movie,8.2,89,1948,"Drama",192671,1949-12-13,"Vittorio De Sica",7,2020-08-20
497,tt0238380,2020-08-22,2020-09-13,"22.08.2020","Equilibrium","Equilibrium",https://www.imdb.com/title/tt0238380/,Movie,7.3,107,2002,"Action, Drama, Sci-Fi, Thriller",362279,2002-12-06,"Kurt Wimmer",7,2020-08-22
498,tt0056512,2020-08-23,2020-09-13,"23.08.2020","Il sorpasso","Il sorpasso",https://www.imdb.com/title/tt0056512/,Movie,8.2,108,1962,"Adventure, Comedy, Drama",14425,1963-06-20,"Dino Risi",7,2020-08-23
499,tt1595366,2020-08-27,2020-09-13,"27.08.2020","What Men Talk About","O chyom govoryat muzhchiny",https://www.imdb.com/title/tt1595366/,Movie,7.5,93,2010,"Adventure, Comedy",7347,2010-03-04,"Dmitriy Dyachenko",7,2020-08-27
500,tt0060176,2020-08-29,2020-09-13,"29.08.2020","Blow-Up","Blow-Up",https://www.imdb.com/title/tt0060176/,Movie,7.4,111,1966,"Drama, Mystery, Thriller",72658,1967-09-26,"Michelangelo Antonioni",6,2020-08-29
501,tt5052448,2020-09-06,2020-09-13,"05.09.2020","Get Out","Get Out",https://www.imdb.com/title/tt5052448/,Movie,7.8,104,2017,"Horror, Mystery, Thriller",816731,2017-02-24,"Jordan Peele",,
502,tt2543164,2020-09-06,2020-09-13,"06.09.2020","Arrival","Arrival",https://www.imdb.com/title/tt2543164/,Movie,7.9,116,2016,"Drama, Mystery, Sci-Fi",863122,2016-11-11,"Denis Villeneuve",,
503,tt1302006,2020-09-13,2020-09-13,"13.09.2020","The Irishman","The Irishman",https://www.imdb.com/title/tt1302006/,Movie,7.8,209,2019,"Biography, Crime, Drama, History, Thriller",472522,2019-11-27,"Martin Scorsese",8,2020-09-13
504,tt13143964,2020-11-05,2021-01-23,"05.11.2020","Borat Subsequent Moviefilm","Borat Subsequent Moviefilm: Delivery of Prodigious Bribe to American Regime for Make Benefit Once Glorious Nation of Kazakhstan",https://www.imdb.com/title/tt13143964/,Movie,6.6,95,2020,"Comedy",164729,2020-10-23,"Jason Woliner",6,2020-11-05
505,tt4686844,2020-11-21,2021-01-23,"21.11.2020","The Death of Stalin","The Death of Stalin",https://www.imdb.com/title/tt4686844/,Movie,7.3,107,2017,"Comedy, Drama, History",126544,2018-03-09,"Armando Iannucci",7,2020-11-21
506,tt0114055,2020-11-26,2021-01-23,"22.11.2020","Peculiarities of the National Hunt","Osobennosti natsionalnoy okhoty",https://www.imdb.com/title/tt0114055/,Movie,7.4,93,1995,"Comedy",5213,1996-10-06,"Aleksandr Rogozhkin",6,2020-11-26
507,tt0374900,2020-11-23,2021-01-23,"23.11.2020","Napoleon Dynamite","Napoleon Dynamite",https://www.imdb.com/title/tt0374900/,Movie,7.0,96,2004,"Comedy",256006,2004-08-27,"Jared Hess",,
508,tt0491175,2020-11-27,2021-01-23,"27.11.2020","Suburbicon","Suburbicon",https://www.imdb.com/title/tt0491175/,Movie,5.8,105,2017,"Comedy, Crime, Drama, Mystery, Thriller",49879,2017-10-27,"George Clooney",7,2020-11-26
509,tt0325805,2020-11-27,2021-01-23,"27.11.2020","Matchstick Men","Matchstick Men",https://www.imdb.com/title/tt0325805/,Movie,7.3,116,2003,"Comedy, Crime, Drama, Thriller",145509,2003-09-12,"Ridley Scott",7,2020-11-27
510,tt3682448,2020-11-28,2021-01-23,"28.11.2020","Bridge of Spies","Bridge of Spies",https://www.imdb.com/title/tt3682448/,Movie,7.6,142,2015,"Drama, History, Thriller, War",344402,2015-10-16,"Steven Spielberg",7,2020-11-28
511,tt0098577,2020-11-29,2021-01-23,"29.11.2020","Vampire's Kiss","Vampire's Kiss",https://www.imdb.com/title/tt0098577/,Movie,6.1,103,1988,"Comedy, Crime, Fantasy, Horror",24781,1989-06-16,"Robert Bierman",6,2020-11-29
512,tt0175880,2020-11-30,2021-01-23,"30.11.2020","Magnolia","Magnolia",https://www.imdb.com/title/tt0175880/,Movie,8.0,188,1999,"Drama",350789,2000-01-07,"Paul Thomas Anderson",7,2020-11-30
513,tt4276820,2020-12-02,2021-01-23,"02.12.2020","The Founder","The Founder",https://www.imdb.com/title/tt4276820/,Movie,7.2,115,2016,"Biography, Drama",204980,2017-01-20,"John Lee Hancock",7,2020-12-02
514,tt7286456,2020-12-05,2021-01-23,"05.12.2020","Joker","Joker",https://www.imdb.com/title/tt7286456/,Movie,8.3,122,2019,"Crime, Drama, Thriller",1692704,2019-10-04,"Todd Phillips",8,2020-12-05
515,tt0808279,2020-12-06,2021-01-23,"06.12.2020","Funny Games","Funny Games",https://www.imdb.com/title/tt0808279/,Movie,6.5,111,2007,"Crime, Drama, Thriller",110272,2008-04-04,"Michael Haneke",7,2020-12-06
516,tt0033467,2020-12-11,2021-01-23,"11.12.2020","Citizen Kane","Citizen Kane",https://www.imdb.com/title/tt0033467/,Movie,8.2,119,1941,"Drama, Mystery",493710,1941-09-05,"Orson Welles",7,2020-12-11
517,tt0285742,2020-12-19,2021-01-23,"19.12.2020","Monster's Ball","Monster's Ball",https://www.imdb.com/title/tt0285742/,Movie,7.0,111,2001,"Drama, Romance",98448,2002-03-01,"Marc Forster",8,2020-12-19
518,tt1798603,2020-12-20,2021-01-23,"20.12.2020","Bad Santa 2","Bad Santa 2",https://www.imdb.com/title/tt1798603/,Movie,5.6,92,2016,"Comedy, Crime, Drama, Mystery",31763,2016-11-23,"Mark Waters",6,2020-12-20
519,tt0052311,2020-12-27,2021-01-23,"27.12.2020","Touch of Evil","Touch of Evil",https://www.imdb.com/title/tt0052311/,Movie,7.9,95,1958,"Crime, Drama, Film-Noir, Thriller",114841,1958-05-09,"Orson Welles",7,2020-12-27
520,tt0021749,2020-12-31,2021-01-23,"31.12.2020","City Lights","City Lights",https://www.imdb.com/title/tt0021749/,Movie,8.5,87,1931,"Comedy, Drama, Romance",216418,1931-03-07,"Charles Chaplin",7,2020-12-31
521,tt2267998,2021-01-23,2021-01-23,"23.01.2021","Gone Girl","Gone Girl",https://www.imdb.com/title/tt2267998/,Movie,8.1,149,2014,"Drama, Mystery, Thriller",1168204,2014-10-03,"David Fincher",9,2021-01-23
522,tt4364194,2021-02-09,2021-03-25,"31.01.2021","The Peanut Butter Falcon","The Peanut Butter Falcon",https://www.imdb.com/title/tt4364194/,Movie,7.6,97,2019,"Adventure, Comedy, Drama",119579,2019-08-23,"Tyler Nilson, Michael Schwartz",8,2021-02-09
523,tt6723592,2021-02-09,2021-03-25,"01.02.2021","Tenet","Tenet",https://www.imdb.com/title/tt6723592/,Movie,7.3,150,2020,"Action, Sci-Fi, Thriller",685482,2020-09-03,"Christopher Nolan",9,2021-02-09
524,tt8579674,2021-02-09,2021-03-25,"02.02.2021","1917","1917",https://www.imdb.com/title/tt8579674/,Movie,8.2,119,2019,"Action, Drama, War",770889,2020-01-10,"Sam Mendes",8,2021-02-09
525,tt0095327,2021-02-09,2021-03-25,"03.02.2021","Grave of the Fireflies","Hotaru no haka",https://www.imdb.com/title/tt0095327/,Movie,8.5,88,1988,"Animation, Drama, War",385065,1989-07-26,"Isao Takahata",8,2021-02-09
526,tt2911666,2021-02-09,2021-03-25,"03.02.2021","John Wick","John Wick",https://www.imdb.com/title/tt2911666/,Movie,7.5,101,2014,"Action, Crime, Thriller",827604,2014-10-24,"Chad Stahelski",6,2021-02-09
527,tt0446029,2021-02-09,2021-03-25,"04.02.2021","Scott Pilgrim vs. the World","Scott Pilgrim vs. the World",https://www.imdb.com/title/tt0446029/,Movie,7.5,112,2010,"Action, Comedy, Fantasy, Romance",496547,2010-08-13,"Edgar Wright",7,2021-02-09
528,tt0482571,2021-02-09,2021-03-25,"04.02.2021","The Prestige","The Prestige",https://www.imdb.com/title/tt0482571/,Movie,8.5,130,2006,"Drama, Mystery, Sci-Fi, Thriller",1586860,2006-10-20,"Christopher Nolan",7,2021-02-09
529,tt0120731,2021-02-09,2021-03-25,"05.02.2021","The Legend of 1900","La leggenda del pianista sull'oceano",https://www.imdb.com/title/tt0120731/,Movie,8.0,169,1998,"Drama, Music, Romance",73620,1998-10-28,"Giuseppe Tornatore",7,2021-02-09
530,tt4971344,2021-02-09,2021-03-25,"06.02.2021","The Sisters Brothers","The Sisters Brothers",https://www.imdb.com/title/tt4971344/,Movie,6.9,122,2018,"Drama, Western",75403,2018-10-19,"Jacques Audiard",8,2021-02-09
531,tt0119217,2021-02-09,2021-03-25,"07.02.2021","Good Will Hunting","Good Will Hunting",https://www.imdb.com/title/tt0119217/,Movie,8.4,126,1997,"Drama, Romance",1216223,1998-01-09,"Gus Van Sant",7,2021-02-09
532,tt1663202,2021-02-09,2021-03-25,"08.02.2021","The Revenant","The Revenant",https://www.imdb.com/title/tt1663202/,Movie,8.0,156,2015,"Action, Drama, Western",949536,2016-01-08,"Alejandro G. Iñárritu",7,2021-02-09
533,tt0079193,2021-02-09,2021-03-25,"09.02.2021","The Garage","Garazh",https://www.imdb.com/title/tt0079193/,Movie,8.0,96,1980,"Comedy, Drama",4838,1980-03-10,"Eldar Ryazanov",7,2021-02-09
534,tt3464902,2021-02-20,2021-03-25,"20.02.2021","The Lobster","The Lobster",https://www.imdb.com/title/tt3464902/,Movie,7.1,119,2015,"Drama, Romance, Sci-Fi, Thriller",333658,2015-10-16,"Yorgos Lanthimos",8,2021-02-20
535,tt0120863,2021-03-06,2021-03-25,"06.03.2021","The Thin Red Line","The Thin Red Line",https://www.imdb.com/title/tt0120863/,Movie,7.6,170,1998,"Drama, History, War",213032,1999-01-15,"Terrence Malick",8,2021-03-06
536,tt5742374,2021-03-13,2021-03-25,"13.03.2021","You Were Never Really Here","You Were Never Really Here",https://www.imdb.com/title/tt5742374/,Movie,6.7,89,2017,"Crime, Drama, Thriller",135518,2018-04-06,"Lynne Ramsay",7,2021-03-13
537,tt10618286,2021-03-25,2021-03-25,"22.03.2021","Mank","Mank",https://www.imdb.com/title/tt10618286/,Movie,6.8,131,2020,"Biography, Drama",104767,2020-12-04,"David Fincher",8,2021-03-25
538,tt0366627,2021-03-27,2021-03-27,"27.03.2021","The Jacket","The Jacket",https://www.imdb.com/title/tt0366627/,Movie,7.1,103,2005,"Drama, Fantasy, Mystery, Sci-Fi, Thriller",124698,2005-03-04,"John Maybury",7,2021-03-27
539,tt4998350,2021-04-21,2021-10-04,"21.04.2021","The Deuce","The Deuce",https://www.imdb.com/title/tt4998350/,TV Series,8.1,60,2017,"Crime, Drama, Mystery",35331,2017-08-25,,8,2021-04-21
540,tt7440726,2021-05-01,2021-10-04,"01.05.2021","Your Honor","Your Honor",https://www.imdb.com/title/tt7440726/,TV Series,7.6,60,2020,"Crime, Drama, Thriller",79728,2020-12-06,,8,2021-05-01
541,tt7888964,2021-05-01,2021-10-04,"01.05.2021","Nobody","Nobody",https://www.imdb.com/title/tt7888964/,Movie,7.4,92,2021,"Action, Crime, Drama, Thriller",393568,2021-03-26,"Ilya Naishuller",7,2021-05-01
542,tt0078748,2021-07-31,2021-10-04,"31.07.2021","Alien","Alien",https://www.imdb.com/title/tt0078748/,Movie,8.5,117,1979,"Horror, Sci-Fi",1063681,1979-06-22,"Ridley Scott",7,2021-07-31
543,tt2713180,2021-09-10,2021-10-04,"10.09.2021","Fury","Fury",https://www.imdb.com/title/tt2713180/,Movie,7.6,134,2014,"Action, Drama, War",608525,2014-10-17,"David Ayer",,
544,tt13156316,2021-09-18,2021-10-04,"18.09.2021","The Sons of Sam: A Descent into Darkness","The Sons of Sam: A Descent into Darkness",https://www.imdb.com/title/tt13156316/,TV Mini Series,7.0,60,2021,"Documentary, Crime, History, Mystery",11430,2021-05-05,,,
545,tt1160419,2021-10-04,2021-10-04,"30.09.2021","Dune: Part One","Dune: Part One",https://www.imdb.com/title/tt1160419/,Movie,8.0,155,2021,"Action, Adventure, Drama, Sci-Fi",1044743,2021-10-22,"Denis Villeneuve",,
546,tt10919420,2021-10-07,2021-10-07,,"Squid Game","Ojing-eo geim",https://www.imdb.com/title/tt10919420/,TV Series,7.9,60,2021,"Action, Crime, Drama, Mystery, Thriller",760074,2021-09-17,,7,2021-10-07
547,tt8847712,2021-11-07,2021-11-07,,"The French Dispatch","The French Dispatch of the Liberty, Kansas Evening Sun",https://www.imdb.com/title/tt8847712/,Movie,7.1,107,2021,"Comedy, Drama, Romance",167838,2021-10-22,"Wes Anderson",7,2021-11-07
548,tt11214590,2021-12-23,2021-12-23,,"House of Gucci","House of Gucci",https://www.imdb.com/title/tt11214590/,Movie,6.6,158,2021,"Biography, Crime, Drama, History",174907,2021-11-24,"Ridley Scott",6,2021-12-23
549,tt0218563,2021-12-31,2021-12-31,,"The Little Mermaid","Rusalochka",https://www.imdb.com/title/tt0218563/,Short,7.5,29,1968,"Animation, Short, Family, Fantasy, Romance",717,1968-06-19,"Ivan Aksenchuk",,
550,tt0098327,2022-01-21,2022-01-21,,"The Seventh Continent","Der siebente Kontinent",https://www.imdb.com/title/tt0098327/,Movie,7.6,108,1989,"Drama",19075,1992-10-09,"Michael Haneke",,
551,tt0103793,2022-01-22,2022-01-22,,"Benny's Video","Benny's Video",https://www.imdb.com/title/tt0103793/,Movie,7.1,110,1992,"Crime, Drama",20768,1993-02-11,"Michael Haneke",,
552,tt0067445,2022-02-05,2022-02-05,,"Death in Venice","Morte a Venezia",https://www.imdb.com/title/tt0067445/,Movie,7.3,130,1971,"Drama, Romance",24891,1971-06-01,"Luchino Visconti",,
553,tt9770150,2022-02-19,2022-02-19,,"Nomadland","Nomadland",https://www.imdb.com/title/tt9770150/,Movie,7.3,107,2020,"Drama",218919,2021-02-19,"Chloé Zhao",,
554,tt3781118,2022-03-01,2022-03-01,,"Rhino","Nosorih",https://www.imdb.com/title/tt3781118/,Movie,6.6,101,2021,"Action, Crime, Drama",2698,2023-03-23,"Oleh Sentsov",,
555,tt0052893,2022-03-01,2022-03-01,,"Hiroshima Mon Amour","Hiroshima mon amour",https://www.imdb.com/title/tt0052893/,Movie,7.8,90,1959,"Drama, Romance",39370,1960-05-16,"Alain Resnais",,
556,tt0059529,2022-03-05,2022-03-05,,"Triumph Over Violence","Obyknovennyy fashizm",https://www.imdb.com/title/tt0059529/,Movie,8.1,82,1965,"Documentary, History, War",2331,1968-02,"Mikhail Romm",,
557,tt1172049,2022-03-06,2022-03-06,,"Demolition","Demolition",https://www.imdb.com/title/tt1172049/,Movie,7.0,101,2015,"Comedy, Drama",133886,2016-04-08,"Jean-Marc Vallée",,
558,tt10380900,2022-03-13,2022-03-13,,"Petrov's Flu","Petrovy v grippe",https://www.imdb.com/title/tt10380900/,Movie,6.6,145,2021,"Drama, Sci-Fi",3610,2021-09-09,"Kirill Serebrennikov",,
559,tt7405458,2023-03-26,2023-03-26,,"A Man Called Otto","A Man Called Otto",https://www.imdb.com/title/tt7405458/,Movie,7.5,126,2022,"Comedy, Drama",210728,2023-01-13,"Marc Forster",,
560,tt4094724,2023-03-26,2023-03-26,,"The Purge: Election Year","The Purge: Election Year",https://www.imdb.com/title/tt4094724/,Movie,6.0,108,2016,"Action, Horror, Sci-Fi, Thriller",119068,2016-07-01,"James DeMonaco",,
561,tt17663992,2023-04-09,2023-04-09,,"Scream VI","Scream VI",https://www.imdb.com/title/tt17663992/,Movie,6.4,122,2023,"Horror, Mystery, Thriller",152041,2023-03-10,"Matt Bettinelli-Olpin, Tyler Gillett",,
562,tt0101414,2023-04-09,2023-04-09,,"Beauty and the Beast","Beauty and the Beast",https://www.imdb.com/title/tt0101414/,Movie,8.0,84,1991,"Animation, Family, Fantasy, Musical, Romance",505363,1991-11-22,"Gary Trousdale, Kirk Wise",,
563,tt13375076,2023-07-22,2023-07-22,,"The Pope's Exorcist","The Pope's Exorcist",https://www.imdb.com/title/tt13375076/,Movie,6.1,103,2023,"Horror, Thriller",102136,2023-04-14,"Julius Avery",,
564,tt3427252,2023-07-22,2023-07-22,,"The Boogeyman","The Boogeyman",https://www.imdb.com/title/tt3427252/,Movie,5.9,98,2023,"Horror, Mystery, Thriller",53634,2023-06-02,"Rob Savage",,
565,tt1462764,2023-07-22,2023-07-22,,"Indiana Jones and the Dial of Destiny","Indiana Jones and the Dial of Destiny",https://www.imdb.com/title/tt1462764/,Movie,6.5,154,2023,"Action, Adventure, Sci-Fi",232812,2023-06-30,"James Mangold",,
566,tt1517268,2023-07-30,2023-07-30,,"Barbie","Barbie",https://www.imdb.com/title/tt1517268/,Movie,6.8,114,2023,"Adventure, Comedy, Fantasy",672747,2023-07-21,"Greta Gerwig",,
567,tt4003440,2023-07-30,2023-07-30,,"The House That Jack Built","The House That Jack Built",https://www.imdb.com/title/tt4003440/,Movie,6.8,152,2018,"Crime, Drama, Horror",105972,2018-10-17,"Lars von Trier",,
568,tt15398776,2024-01-30,2024-01-30,,"Oppenheimer","Oppenheimer",https://www.imdb.com/title/tt15398776/,Movie,8.2,180,2023,"Biography, Drama, History",1029691,2023-07-21,"Christopher Nolan",,
569,tt4495098,2023-12-02,2023-12-02,,"Gran Turismo","Gran Turismo",https://www.imdb.com/title/tt4495098/,Movie,7.1,134,2023,"Action, Adventure, Drama, Sport",135218,2023-08-25,"Neill Blomkamp",,
570,tt0435705,2024-01-30,2024-01-30,,"Next","Next",https://www.imdb.com/title/tt0435705/,Movie,6.2,96,2007,"Action, Sci-Fi, Thriller",174880,2007-04-27,"Lee Tamahori",,
571,tt4972582,2024-08-22,2024-08-22,,"Split","Split",https://www.imdb.com/title/tt4972582/,Movie,7.3,117,2016,"Horror, Thriller",620991,2017-01-20,"M. Night Shyamalan",,
572,tt0217869,2024-08-22,2024-08-22,,"Unbreakable","Unbreakable",https://www.imdb.com/title/tt0217869/,Movie,7.3,106,2000,"Drama, Mystery, Sci-Fi, Thriller",467690,2000-11-22,"M. Night Shyamalan",,
573,tt0251127,2024-08-22,2024-08-22,,"How to Lose a Guy in 10 Days","How to Lose a Guy in 10 Days",https://www.imdb.com/title/tt0251127/,Movie,6.5,116,2003,"Comedy, Romance",321757,2003-02-07,"Donald Petrie",,
574,tt18412256,2024-08-22,2024-08-22,,"Alien: Romulus","Alien: Romulus",https://www.imdb.com/title/tt18412256/,Movie,7.1,119,2024,"Horror, Sci-Fi, Thriller",286965,2024-08-16,"Fede Alvarez",,
575,tt0145487,2025-01-26,2025-01-26,,"Spider-Man","Spider-Man",https://www.imdb.com/title/tt0145487/,Movie,7.4,121,2002,"Action, Adventure, Sci-Fi",968020,2002-05-03,"Sam Raimi",,
576,tt28607951,2025-03-07,2025-03-07,,"Anora","Anora",https://www.imdb.com/title/tt28607951/,Movie,7.4,139,2024,"Comedy, Drama, Romance",274715,2024-11-08,"Sean Baker",,
577,tt0113568,2025-03-15,2025-03-15,,"Ghost in the Shell","Kôkaku kidôtai",https://www.imdb.com/title/tt0113568/,Movie,7.9,83,1995,"Animation, Action, Crime, Drama, Mystery, Sci-Fi, Thriller",173517,1996-03-29,"Mamoru Oshii",7,2025-04-16
578,tt12299608,2025-04-16,2025-04-16,,"Mickey 17","Mickey 17",https://www.imdb.com/title/tt12299608/,Movie,6.7,137,2025,"Adventure, Comedy, Fantasy, Sci-Fi",245219,2025-03-07,"Bong Joon Ho",6,2025-04-16
579,tt31184028,2025-10-17,2025-10-17,,"Together","Together",https://www.imdb.com/title/tt31184028/,Movie,6.7,102,2025,"Horror, Romance",78390,2025-07-30,"Michael Shanks",,
580,tt31434030,2025-10-17,2025-10-17,,"Dracula","Dracula: A Love Tale",https://www.imdb.com/title/tt31434030/,Movie,6.2,129,2025,"Fantasy, Horror, Romance",36723,2026-02-06,"Luc Besson",,
581,tt30144839,2025-10-17,2025-10-17,,"One Battle After Another","One Battle After Another",https://www.imdb.com/title/tt30144839/,Movie,7.7,161,2025,"Action, Crime, Drama, Thriller",402036,2025-09-26,"Paul Thomas Anderson",,
582,tt0118849,2025-10-17,2025-10-17,"17.10.2025","Children of Heaven","Bacheha-ye aseman",https://www.imdb.com/title/tt0118849/,Movie,8.2,89,1997,"Drama, Family, Sport",89968,1999-01-22,"Majid Majidi",,
583,tt0079944,2025-10-19,2025-10-19,"19.10.2025","Stalker","Stalker",https://www.imdb.com/title/tt0079944/,Movie,8.0,162,1979,"Drama, Sci-Fi",156978,1980-04-17,"Andrei Tarkovsky",,
584,tt6604188,2025-10-26,2025-10-26,"26.10.2025","Tron: Ares","Tron: Ares",https://www.imdb.com/title/tt6604188/,Movie,6.1,119,2025,"Action, Adventure, Sci-Fi",79474,2025-10-10,"Joachim Rønning",7,2025-10-26
585,tt12300742,2025-11-01,2025-11-01,"01.11.2025","Bugonia","Bugonia",https://www.imdb.com/title/tt12300742/,Movie,7.4,118,2025,"Comedy, Crime, Sci-Fi, Thriller",185507,2025-10-31,"Yorgos Lanthimos",7,2025-11-01
586,tt12603948,2025-11-06,2025-11-06,,"Kachalka","Kachalka",https://www.imdb.com/title/tt12603948/,Short,6.9,9,2020,"Short",71,2020-06-17,"Gar O'Rourke",,
587,tt26443597,2025-12-28,2025-12-28,,"Zootopia 2","Zootopia 2",https://www.imdb.com/title/tt26443597/,Movie,7.4,108,2025,"Animation, Action, Adventure, Comedy, Crime, Family, Mystery",131243,2025-11-26,"Jared Bush, Byron Howard",8,2025-12-28
588,tt22202452,2025-12-28,2025-12-28,,"Pluribus","Pluribus",https://www.imdb.com/title/tt22202452/,TV Series,8.0,60,2025,"Drama, Sci-Fi",151188,2025-11-07,,8,2025-12-28
589,tt30840798,2026-01-01,2026-01-01,,"The Phoenician Scheme","The Phoenician Scheme",https://www.imdb.com/title/tt30840798/,Movie,6.6,101,2025,"Action, Comedy, Crime, Drama, Thriller",68661,2025-06-06,"Wes Anderson",6,2026-01-01
590,tt31193180,2026-02-06,2026-02-06,,"Sinners","Sinners",https://www.imdb.com/title/tt31193180/,Movie,7.5,137,2025,"Action, Drama, Horror, Music, Thriller",476116,2025-04-18,"Ryan Coogler",,
591,tt27543632,2026-02-06,2026-02-06,,"The Housemaid","The Housemaid",https://www.imdb.com/title/tt27543632/,Movie,6.7,131,2025,"Drama, Mystery, Thriller",144980,2025-12-19,"Paul Feig",5,2026-02-06
